Word,Count
the,0
of,0
and,0
to,0
a,0
in,0
for,0
is,0
on,0
that,0
by,0
this,0
with,0
i,0
you,0
it,0
not,0
or,0
be,0
are,0
from,0
at,0
as,0
your,0
all,0
have,0
new,0
more,0
an,0
was,0
we,0
will,0
home,0
can,0
us,0
about,1
if,0
page,0
my,0
has,0
search,1
free,0
but,0
our,0
one,0
other,1
do,0
no,0
information,1
time,0
they,0
site,0
he,0
up,0
may,0
what,0
which,1
their,1
news,0
out,0
use,0
any,0
there,1
see,0
only,0
so,0
his,0
when,0
contact,1
here,0
business,1
who,0
web,0
also,0
now,0
help,0
get,0
pm,0
view,0
online,1
c,0
e,0
first,1
am,0
been,0
would,1
how,0
were,0
me,0
s,0
services,1
some,0
these,1
click,1
its,0
like,0
service,1
x,0
than,0
find,0
price,1
date,0
back,0
top,0
people,1
had,0
list,0
name,0
just,0
over,0
state,1
year,0
day,0
into,0
email,1
two,0
health,1
n,0
world,1
re,0
next,0
used,0
go,0
b,0
work,0
last,0
most,0
products,1
music,1
buy,0
data,0
make,0
them,0
should,1
product,1
system,1
post,0
her,0
city,0
t,0
add,0
policy,1
number,1
such,0
please,1
available,1
copyright,1
support,1
message,1
after,1
best,0
software,1
then,0
jan,0
good,0
video,1
well,0
d,0
where,1
info,0
rights,1
public,1
books,1
high,0
school,1
through,1
m,0
each,0
links,1
she,0
review,1
years,1
order,1
very,0
privacy,1
book,0
items,1
company,1
r,0
read,0
group,1
sex,0
need,0
many,0
user,0
said,0
de,0
does,0
set,0
under,1
general,1
research,1
university,1
january,1
mail,0
full,0
map,0
reviews,1
program,1
life,0
know,0
games,1
way,0
days,0
management,1
p,0
part,0
could,1
great,1
united,1
hotel,1
real,0
f,0
item,0
international,1
center,1
ebay,0
must,0
store,1
travel,1
comments,1
made,0
development,1
report,1
off,0
member,1
details,1
line,0
terms,1
before,1
hotels,1
did,0
send,0
right,1
type,0
because,1
local,1
those,1
using,1
results,1
office,1
education,1
national,1
car,0
design,1
take,0
posted,1
internet,1
address,1
community,1
within,1
states,1
area,0
want,0
phone,1
dvd,0
shipping,1
reserved,1
subject,1
between,1
forum,1
family,1
l,0
long,0
based,1
w,0
code,0
show,0
o,0
even,0
black,1
check,1
special,1
prices,1
website,1
index,1
being,1
women,1
much,0
sign,0
file,0
link,0
open,0
today,1
technology,1
south,1
case,0
project,1
same,0
pages,1
uk,0
version,1
section,1
own,0
found,1
sports,1
house,1
related,1
security,1
both,0
g,0
county,1
american,1
photo,1
game,0
members,1
power,1
while,1
care,0
network,1
down,0
computer,1
systems,1
three,1
total,1
place,1
end,0
following,1
download,1
h,0
him,0
without,1
per,0
access,1
think,1
north,1
resources,1
current,1
posts,1
big,0
media,1
law,0
control,1
water,1
history,1
pictures,1
size,0
art,0
personal,1
since,1
including,1
guide,1
shop,0
directory,1
board,1
location,1
change,1
white,1
text,0
small,1
rating,1
rate,0
government,1
children,1
during,1
usa,0
return,1
students,1
v,0
shopping,1
account,1
times,1
sites,1
level,1
digital,1
profile,1
previous,1
form,0
events,1
love,0
old,0
john,0
main,0
call,0
hours,1
image,1
department,1
title,1
description,1
non,0
k,0
y,0
insurance,1
another,1
why,0
shall,1
property,1
class,1
cd,0
still,1
money,1
quality,1
every,1
listing,1
content,1
country,1
private,1
little,1
visit,1
save,0
tools,1
low,0
reply,1
customer,1
december,1
compare,1
movies,1
include,1
college,1
value,1
article,1
york,0
man,0
card,0
jobs,0
provide,1
j,0
food,0
source,1
author,1
different,1
press,1
u,0
learn,1
sale,0
around,1
print,1
course,1
job,0
canada,1
process,1
teen,0
room,0
stock,1
training,1
too,0
credit,1
point,1
join,0
science,1
men,0
categories,1
advanced,1
west,0
sales,1
look,0
english,1
left,0
team,0
estate,1
box,0
conditions,1
select,1
windows,1
photos,1
gay,0
thread,1
week,0
category,1
note,0
live,0
large,1
gallery,1
table,1
register,1
however,1
june,0
october,1
november,1
market,1
library,1
really,1
action,1
start,1
series,1
model,1
features,1
air,0
industry,1
plan,0
human,1
provided,1
tv,0
yes,0
required,1
second,1
hot,0
accessories,1
cost,0
movie,1
forums,1
march,1
la,0
september,1
better,1
say,0
questions,1
july,0
yahoo,1
going,1
medical,1
test,0
friend,1
come,0
dec,0
server,1
pc,0
study,1
application,1
cart,0
staff,1
articles,1
san,0
feedback,1
again,1
play,0
looking,1
issues,1
april,1
never,1
users,1
complete,1
street,1
topic,1
comment,1
financial,1
things,1
working,1
against,1
standard,1
tax,0
person,1
below,1
mobile,1
less,0
got,0
blog,0
party,1
payment,1
equipment,1
login,1
student,1
let,0
programs,1
offers,1
legal,1
above,1
recent,1
park,0
stores,1
side,0
act,0
problem,1
red,0
give,0
memory,1
performance,1
social,1
q,0
august,1
quote,1
language,1
story,1
sell,0
options,1
experience,1
rates,1
create,1
key,0
body,0
young,1
america,1
important,1
field,1
few,0
east,0
paper,1
single,1
ii,0
age,0
activities,1
club,0
example,1
girls,1
additional,1
password,1
z,0
latest,1
something,1
road,0
gift,0
question,1
changes,1
night,1
ca,0
hard,0
texas,1
oct,0
pay,0
four,0
poker,1
status,1
browse,1
issue,1
range,1
building,1
seller,1
court,1
february,1
always,1
result,1
audio,1
light,1
write,1
war,0
nov,0
offer,1
blue,0
groups,1
al,0
easy,0
given,1
files,1
event,1
release,1
analysis,1
request,1
fax,0
china,1
making,1
picture,1
needs,1
possible,1
might,1
professional,1
yet,0
month,1
major,1
star,0
areas,1
future,1
space,1
committee,1
hand,0
sun,0
cards,1
problems,1
london,1
washington,1
meeting,1
rss,0
become,1
interest,1
id,0
child,1
keep,0
enter,1
california,1
porn,0
share,1
similar,1
garden,1
schools,1
million,1
added,1
reference,1
companies,1
listed,1
baby,0
learning,1
energy,1
run,0
delivery,1
net,0
popular,1
term,0
film,0
stories,1
put,0
computers,1
journal,1
reports,1
co,0
try,0
welcome,1
central,1
images,1
president,1
notice,1
god,0
original,1
head,0
radio,1
until,1
cell,0
color,1
self,0
council,1
away,0
includes,1
track,1
australia,1
discussion,1
archive,1
once,0
others,1
entertainment,1
agreement,1
format,1
least,1
society,1
months,1
log,0
safety,1
friends,1
sure,0
faq,0
trade,1
edition,1
cars,0
messages,1
marketing,1
tell,0
further,1
updated,1
association,1
able,0
having,1
provides,1
david,1
fun,0
already,1
green,1
studies,1
close,1
common,1
drive,1
specific,1
several,1
gold,0
feb,0
living,1
sep,0
collection,1
called,1
short,1
arts,0
lot,0
ask,0
display,1
limited,1
powered,1
solutions,1
means,1
director,1
daily,1
beach,1
past,0
natural,1
whether,1
due,0
et,0
electronics,1
five,0
upon,0
period,1
planning,1
database,1
says,0
official,1
weather,1
mar,0
land,0
average,1
done,0
technical,1
window,1
france,1
pro,0
region,1
island,1
record,1
direct,1
microsoft,1
conference,1
environment,1
records,1
st,0
district,1
calendar,1
costs,1
style,1
url,0
front,1
statement,1
update,1
parts,1
aug,0
ever,0
downloads,1
early,1
miles,1
sound,1
resource,1
present,1
applications,1
either,1
ago,0
document,1
word,0
works,1
material,1
bill,0
apr,0
written,1
talk,0
federal,1
hosting,1
rules,1
final,1
adult,1
tickets,1
thing,1
centre,1
requirements,1
via,0
cheap,1
nude,0
kids,0
finance,1
true,0
minutes,1
else,0
mark,0
third,1
rock,0
gifts,1
europe,1
reading,1
topics,1
bad,0
individual,1
tips,0
plus,0
auto,0
cover,1
usually,1
edit,0
together,1
videos,1
percent,1
fast,0
function,1
fact,0
unit,0
getting,1
global,1
tech,0
meet,0
far,0
economic,1
en,0
player,1
projects,1
lyrics,1
often,1
subscribe,1
submit,1
germany,1
amount,1
watch,1
included,1
feel,0
though,1
bank,0
risk,0
thanks,1
everything,1
deals,1
various,1
words,1
linux,1
jul,0
production,1
commercial,1
james,1
weight,1
town,0
heart,1
advertising,1
received,1
choose,1
treatment,1
newsletter,1
archives,1
points,1
knowledge,1
magazine,1
error,1
camera,1
jun,0
girl,0
currently,1
construction,1
toys,0
registered,1
clear,1
golf,0
receive,1
domain,1
methods,1
chapter,1
makes,1
protection,1
policies,1
loan,0
wide,0
beauty,1
manager,1
india,1
position,1
taken,1
sort,0
listings,1
models,1
michael,1
known,1
half,0
cases,1
step,0
engineering,1
florida,1
simple,1
quick,1
none,0
wireless,1
license,1
paul,0
friday,1
lake,0
whole,1
annual,1
published,1
later,1
basic,1
sony,0
shows,1
corporate,1
google,1
church,1
method,1
purchase,1
customers,1
active,1
response,1
practice,1
hardware,1
figure,1
materials,1
fire,0
holiday,1
chat,0
enough,1
designed,1
along,1
among,1
death,1
writing,1
speed,1
html,0
countries,1
loss,0
face,0
brand,1
discount,1
higher,1
effects,1
created,1
remember,1
standards,1
oil,0
bit,0
yellow,1
political,1
increase,1
advertise,1
kingdom,1
base,0
near,0
environmental,1
thought,1
stuff,1
french,1
storage,1
oh,0
japan,1
doing,1
loans,1
shoes,1
entry,1
stay,0
nature,1
orders,1
availability,1
africa,1
summary,1
turn,0
mean,0
growth,1
notes,1
agency,1
king,0
monday,1
european,1
activity,1
copy,0
although,1
drug,0
pics,0
western,1
income,1
force,1
cash,0
employment,1
overall,1
bay,0
river,1
commission,1
ad,0
package,1
contents,1
seen,0
players,1
engine,1
port,0
album,1
regional,1
stop,0
supplies,1
started,1
administration,1
bar,0
institute,1
views,1
plans,1
double,1
dog,0
build,1
screen,1
exchange,1
types,1
soon,0
sponsored,1
lines,1
electronic,1
continue,1
across,1
benefits,1
needed,1
season,1
apply,1
someone,1
held,0
ny,0
anything,1
printer,1
condition,1
effective,1
believe,1
organization,1
effect,1
asked,1
eur,0
mind,0
sunday,1
selection,1
casino,1
pdf,0
lost,0
tour,0
menu,0
volume,1
cross,1
anyone,1
mortgage,1
hope,0
silver,1
corporation,1
wish,0
inside,1
solution,1
mature,1
role,0
rather,1
weeks,1
addition,1
came,0
supply,1
nothing,1
certain,1
usr,0
executive,1
running,1
lower,1
necessary,1
union,1
jewelry,1
according,1
dc,0
clothing,1
mon,0
com,0
particular,1
fine,0
names,1
robert,1
homepage,1
hour,0
gas,0
skills,1
six,0
bush,0
islands,1
advice,1
career,1
military,1
rental,1
decision,1
leave,1
british,1
teens,1
pre,0
huge,0
sat,0
woman,1
facilities,1
zip,0
bid,0
kind,0
sellers,1
middle,1
move,0
cable,1
opportunities,1
taking,1
values,1
division,1
coming,1
tuesday,1
object,1
lesbian,1
appropriate,1
machine,1
logo,0
length,1
actually,1
nice,0
score,1
statistics,1
client,1
ok,0
returns,1
capital,1
follow,1
sample,1
investment,1
sent,0
shown,1
saturday,1
christmas,1
england,1
culture,1
band,0
flash,1
ms,0
lead,0
george,1
choice,1
went,0
starting,1
registration,1
fri,0
thursday,1
courses,1
consumer,1
hi,0
airport,1
foreign,1
artist,1
outside,1
furniture,1
levels,1
channel,1
letter,1
mode,0
phones,1
ideas,1
wednesday,1
structure,1
fund,0
summer,1
allow,1
degree,1
contract,1
button,1
releases,1
wed,0
homes,1
super,1
male,0
matter,1
custom,1
virginia,1
almost,1
took,0
located,1
multiple,1
asian,1
distribution,1
editor,1
inn,0
industrial,1
cause,1
potential,1
song,0
cnet,0
ltd,0
los,0
hp,0
focus,1
late,0
fall,0
featured,1
idea,0
rooms,1
female,1
responsible,1
inc,0
communications,1
win,0
associated,1
thomas,1
primary,1
cancer,1
numbers,1
reason,1
tool,0
browser,1
spring,1
foundation,1
answer,1
voice,1
eg,0
friendly,1
schedule,1
documents,1
communication,1
purpose,1
feature,1
bed,0
comes,1
police,1
everyone,1
independent,1
ip,0
approach,1
cameras,1
brown,1
physical,1
operating,1
hill,0
maps,0
medicine,1
deal,0
hold,0
ratings,1
chicago,1
forms,1
glass,1
happy,1
tue,0
smith,1
wanted,1
developed,1
thank,1
safe,0
unique,1
survey,1
prior,1
telephone,1
sport,1
ready,1
feed,0
animal,1
sources,1
mexico,1
population,1
pa,0
regular,1
secure,1
navigation,1
operations,1
therefore,1
ass,0
simply,1
evidence,1
station,1
christian,1
round,1
paypal,1
favorite,1
understand,1
option,1
master,1
valley,1
recently,1
probably,1
thu,0
rentals,1
sea,0
built,1
publications,1
blood,1
cut,0
worldwide,1
improve,1
connection,1
publisher,1
hall,0
larger,1
anti,0
networks,1
earth,1
parents,1
nokia,1
impact,1
transfer,1
introduction,1
kitchen,1
strong,1
tel,0
carolina,1
wedding,1
properties,1
hospital,1
ground,1
overview,1
ship,0
accommodation,1
owners,1
disease,1
tx,0
excellent,1
paid,0
italy,1
perfect,1
hair,0
opportunity,1
kit,0
classic,1
basis,1
command,1
cities,1
william,1
express,1
anal,0
award,1
distance,1
tree,0
peter,1
assessment,1
ensure,1
thus,0
wall,0
ie,0
involved,1
el,0
extra,1
especially,1
interface,1
pussy,1
partners,1
budget,1
rated,1
guides,1
success,1
maximum,1
ma,0
operation,1
existing,1
quite,1
selected,1
boy,0
amazon,1
patients,1
restaurants,1
beautiful,1
warning,1
wine,0
locations,1
horse,1
vote,0
forward,1
flowers,1
stars,1
significant,1
lists,1
technologies,1
owner,1
retail,1
animals,1
useful,1
directly,1
manufacturer,1
ways,0
est,0
son,0
providing,1
rule,0
mac,0
housing,1
takes,1
iii,0
gmt,0
bring,1
catalog,1
searches,1
max,0
trying,1
mother,1
authority,1
considered,1
told,0
xml,0
traffic,1
programme,1
joined,1
input,1
strategy,1
feet,0
agent,1
valid,1
bin,0
modern,1
senior,1
ireland,1
sexy,0
teaching,1
door,0
grand,1
testing,1
trial,1
charge,1
units,1
instead,1
canadian,1
cool,0
normal,1
wrote,1
enterprise,1
ships,1
entire,1
educational,1
md,0
leading,1
metal,1
positive,1
fl,0
fitness,1
chinese,1
opinion,1
mb,0
asia,0
football,1
abstract,1
uses,0
output,1
funds,1
mr,0
greater,1
likely,1
develop,1
employees,1
artists,1
alternative,1
processing,1
responsibility,1
resolution,1
java,0
guest,1
seems,1
publication,1
pass,0
relations,1
trust,1
van,0
contains,1
session,1
multi,1
photography,1
republic,1
fees,0
components,1
vacation,1
century,1
academic,1
assistance,1
completed,1
skin,0
graphics,1
indian,1
prev,0
ads,0
mary,0
il,0
expected,1
ring,0
grade,1
dating,1
pacific,1
mountain,1
organizations,1
pop,0
filter,1
mailing,1
vehicle,1
longer,1
consider,1
int,0
northern,1
behind,1
panel,1
floor,1
german,1
buying,1
match,1
proposed,1
default,1
require,1
iraq,0
boys,0
outdoor,1
deep,0
morning,1
otherwise,1
allows,1
rest,0
protein,1
plant,1
reported,1
hit,0
transportation,1
mm,0
pool,0
mini,0
politics,1
partner,1
disclaimer,1
authors,1
boards,1
faculty,1
parties,1
fish,0
membership,1
mission,1
eye,0
string,1
sense,1
modified,1
pack,0
released,1
stage,1
internal,1
goods,1
recommended,1
born,0
unless,1
richard,1
detailed,1
japanese,1
race,0
approved,1
background,1
target,1
except,1
character,1
usb,0
maintenance,1
ability,1
maybe,1
functions,1
ed,0
moving,1
brands,1
places,1
php,0
pretty,1
trademarks,1
phentermine,1
spain,1
southern,1
yourself,1
etc,0
winter,1
rape,0
battery,1
youth,1
pressure,1
submitted,1
boston,1
incest,1
debt,0
keywords,1
medium,1
television,1
interested,1
core,0
break,1
purposes,1
throughout,1
sets,0
dance,1
wood,0
msn,0
itself,1
defined,1
papers,1
playing,1
awards,1
fee,0
studio,1
reader,1
virtual,1
device,1
established,1
answers,1
rent,0
las,0
remote,1
dark,0
programming,1
external,1
apple,1
le,0
regarding,1
instructions,1
min,0
offered,1
theory,1
enjoy,1
remove,1
aid,0
surface,1
minimum,1
visual,1
host,0
variety,1
teachers,1
isbn,0
martin,1
manual,1
block,1
subjects,1
agents,1
increased,1
repair,1
fair,0
civil,1
steel,1
understanding,1
songs,1
fixed,1
wrong,1
beginning,1
hands,1
associates,1
finally,1
az,0
updates,1
desktop,1
classes,1
paris,1
ohio,0
gets,0
sector,1
capacity,1
requires,1
jersey,1
un,0
fat,0
fully,1
father,1
electric,1
saw,0
instruments,1
quotes,1
officer,1
driver,1
businesses,1
dead,0
respect,1
unknown,1
specified,1
restaurant,1
mike,0
trip,0
pst,0
worth,1
mi,0
procedures,1
poor,0
teacher,1
xxx,0
eyes,0
relationship,1
workers,1
farm,0
fucking,1
georgia,1
peace,1
traditional,1
campus,1
tom,0
showing,1
creative,1
coast,1
benefit,1
progress,1
funding,1
devices,1
lord,0
grant,1
sub,0
agree,1
fiction,1
hear,0
sometimes,1
watches,1
careers,1
beyond,1
goes,0
families,1
led,0
museum,1
themselves,1
fan,0
transport,1
interesting,1
blogs,1
wife,0
evaluation,1
accepted,1
former,1
implementation,1
ten,0
hits,0
zone,0
complex,1
th,0
cat,0
galleries,1
references,1
die,0
presented,1
jack,0
flat,0
flow,0
agencies,1
literature,1
respective,1
parent,1
spanish,1
michigan,1
columbia,1
setting,1
dr,0
scale,1
stand,1
economy,1
highest,1
helpful,1
monthly,1
critical,1
frame,1
musical,1
definition,1
secretary,1
angeles,1
networking,1
path,0
australian,1
employee,1
chief,1
gives,1
kb,0
bottom,1
magazines,1
packages,1
detail,1
francisco,1
laws,0
changed,1
pet,0
heard,1
begin,1
individuals,1
colorado,1
royal,1
clean,1
switch,1
russian,1
largest,1
african,1
guy,0
titles,1
relevant,1
guidelines,1
justice,1
connect,1
bible,1
dev,0
cup,0
basket,1
applied,1
weekly,1
vol,0
installation,1
described,1
demand,1
pp,0
suite,1
vegas,1
na,0
square,1
chris,1
attention,1
advance,1
skip,0
diet,0
army,0
auction,1
gear,0
lee,0
os,0
difference,1
allowed,1
correct,1
charles,1
nation,1
selling,1
lots,0
piece,1
sheet,1
firm,0
seven,1
older,1
illinois,1
regulations,1
elements,1
species,1
jump,0
cells,1
module,1
resort,1
facility,1
random,1
pricing,1
dvds,0
certificate,1
minister,1
motion,1
looks,1
fashion,1
directions,1
visitors,1
documentation,1
monitor,1
trading,1
forest,1
calls,1
whose,1
coverage,1
couple,1
giving,1
chance,1
vision,1
ball,0
ending,1
clients,1
actions,1
listen,1
discuss,1
accept,1
automotive,1
naked,1
goal,0
successful,1
sold,0
wind,0
communities,1
clinical,1
situation,1
sciences,1
markets,1
lowest,1
highly,1
publishing,1
appear,1
emergency,1
developing,1
lives,1
currency,1
leather,1
determine,1
milf,0
temperature,1
palm,0
announcements,1
patient,1
actual,1
historical,1
stone,1
bob,0
commerce,1
ringtones,1
perhaps,1
persons,1
difficult,1
scientific,1
satellite,1
fit,0
tests,1
village,1
accounts,1
amateur,1
ex,0
met,0
pain,0
xbox,0
particularly,1
factors,1
coffee,1
www,0
settings,1
cum,0
buyer,1
cultural,1
steve,1
easily,1
oral,0
ford,0
poster,1
edge,0
functional,1
root,0
au,0
fi,0
closed,1
holidays,1
ice,0
pink,0
zealand,1
balance,1
monitoring,1
graduate,1
replies,1
shot,0
nc,0
architecture,1
initial,1
label,1
thinking,1
scott,1
llc,0
sec,0
recommend,1
canon,1
hardcore,1
league,1
waste,1
minute,1
bus,0
provider,1
optional,1
dictionary,1
cold,0
accounting,1
manufacturing,1
sections,1
chair,1
fishing,1
effort,1
phase,1
fields,1
bag,0
fantasy,1
po,0
letters,1
motor,1
va,0
professor,1
context,1
install,1
shirt,1
apparel,1
generally,1
continued,1
foot,0
mass,0
crime,1
count,1
breast,1
techniques,1
ibm,0
rd,0
johnson,1
sc,0
quickly,1
dollars,1
websites,1
religion,1
claim,1
driving,1
permission,1
surgery,1
patch,1
heat,0
wild,0
measures,1
generation,1
kansas,1
miss,0
chemical,1
doctor,1
task,0
reduce,1
brought,1
himself,1
nor,0
component,1
enable,1
exercise,1
bug,0
santa,1
mid,0
guarantee,1
leader,1
diamond,1
israel,1
se,0
processes,1
soft,0
servers,1
alone,1
meetings,1
seconds,1
jones,1
arizona,1
keyword,1
interests,1
flight,1
congress,1
fuel,0
username,1
walk,0
fuck,0
produced,1
italian,1
paperback,1
classifieds,1
wait,0
supported,1
pocket,1
saint,1
rose,0
freedom,1
argument,1
competition,1
creating,1
jim,0
drugs,1
joint,1
premium,1
providers,1
fresh,1
characters,1
attorney,1
upgrade,1
di,0
factor,1
growing,1
thousands,1
km,0
stream,1
apartments,1
pick,0
hearing,1
eastern,1
auctions,1
therapy,1
entries,1
dates,1
generated,1
signed,1
upper,1
administrative,1
serious,1
prime,1
samsung,1
limit,1
began,1
louis,1
steps,1
errors,1
shops,1
bondage,1
del,0
efforts,1
informed,1
ga,0
ac,0
thoughts,1
creek,1
ft,0
worked,1
quantity,1
urban,1
practices,1
sorted,1
reporting,1
essential,1
myself,1
tours,1
platform,1
load,0
affiliate,1
labor,1
immediately,1
admin,1
nursing,1
defense,1
machines,1
designated,1
tags,0
heavy,1
covered,1
recovery,1
joe,0
guys,0
integrated,1
configuration,1
cock,0
merchant,1
comprehensive,1
expert,1
universal,1
protect,1
drop,0
solid,1
cds,0
presentation,1
languages,1
became,1
orange,1
compliance,1
vehicles,1
prevent,1
theme,1
rich,0
im,0
campaign,1
marine,1
improvement,1
vs,0
guitar,1
finding,1
pennsylvania,1
examples,1
ipod,0
saying,1
spirit,1
ar,0
claims,1
porno,1
challenge,1
motorola,1
acceptance,1
strategies,1
mo,0
seem,0
affairs,1
touch,1
intended,1
towards,1
sa,0
goals,1
hire,0
election,1
suggest,1
branch,1
charges,1
serve,1
affiliates,1
reasons,1
magic,1
mount,1
smart,1
talking,1
gave,0
ones,0
latin,1
multimedia,1
xp,0
tits,0
avoid,1
certified,1
manage,1
corner,1
rank,0
computing,1
oregon,1
element,1
birth,1
virus,1
abuse,1
interactive,1
requests,1
separate,1
quarter,1
procedure,1
leadership,1
tables,1
define,1
racing,1
religious,1
facts,1
breakfast,1
kong,0
column,1
plants,1
faith,1
chain,1
developer,1
identify,1
avenue,1
missing,1
died,0
approximately,1
domestic,1
sitemap,1
recommendations,1
moved,1
houston,1
reach,1
comparison,1
mental,1
viewed,1
moment,1
extended,1
sequence,1
inch,0
attack,1
sorry,1
centers,1
opening,1
damage,1
lab,0
reserve,1
recipes,1
cvs,0
gamma,1
plastic,1
produce,1
snow,0
placed,1
truth,1
counter,1
failure,1
follows,1
eu,0
weekend,1
dollar,1
camp,0
ontario,1
automatically,1
des,0
minnesota,1
films,1
bridge,1
native,1
fill,0
williams,1
movement,1
printing,1
baseball,1
owned,1
approval,1
draft,1
chart,1
played,1
contacts,1
cc,0
jesus,1
readers,1
clubs,1
lcd,0
wa,0
jackson,1
equal,1
adventure,1
matching,1
offering,1
shirts,1
profit,1
leaders,1
posters,1
institutions,1
assistant,1
variable,1
ave,0
dj,0
advertisement,1
expect,1
parking,1
headlines,1
yesterday,1
compared,1
determined,1
wholesale,1
workshop,1
russia,1
gone,0
codes,1
kinds,1
extension,1
seattle,1
statements,1
golden,1
completely,1
teams,1
fort,0
cm,0
wi,0
lighting,1
senate,1
forces,1
funny,1
brother,1
gene,0
turned,1
portable,1
tried,1
electrical,1
applicable,1
disc,0
returned,1
pattern,1
ct,0
hentai,1
boat,0
named,1
theatre,1
laser,1
earlier,1
manufacturers,1
sponsor,1
classical,1
icon,0
warranty,1
dedicated,1
indiana,1
direction,1
harry,1
basketball,1
objects,1
ends,0
delete,1
evening,1
assembly,1
nuclear,1
taxes,1
mouse,1
signal,1
criminal,1
issued,1
brain,1
sexual,1
wisconsin,1
powerful,1
dream,1
obtained,1
false,1
da,0
cast,0
flower,1
felt,0
personnel,1
passed,1
supplied,1
identified,1
falls,1
pic,0
soul,0
aids,0
opinions,1
promote,1
stated,1
stats,1
hawaii,1
professionals,1
appears,1
carry,1
flag,0
decided,1
nj,0
covers,1
hr,0
em,0
advantage,1
hello,1
designs,1
maintain,1
tourism,1
priority,1
newsletters,1
adults,1
clips,1
savings,1
iv,0
graphic,1
atom,0
payments,1
rw,0
estimated,1
binding,1
brief,1
ended,1
winning,1
eight,1
anonymous,1
iron,0
straight,1
script,1
served,1
wants,1
miscellaneous,1
prepared,1
void,0
dining,1
alert,1
integration,1
atlanta,1
dakota,1
tag,0
interview,1
mix,0
framework,1
disk,0
installed,1
queen,1
vhs,0
credits,1
clearly,1
fix,0
handle,1
sweet,1
desk,0
criteria,1
pubmed,1
dave,0
massachusetts,1
diego,1
hong,0
vice,0
associate,1
ne,0
truck,1
behavior,1
enlarge,1
ray,0
frequently,1
revenue,1
measure,1
changing,1
votes,1
du,0
duty,0
looked,1
discussions,1
bear,0
gain,0
festival,1
laboratory,1
ocean,1
flights,1
experts,1
signs,1
lack,0
depth,1
iowa,0
whatever,1
logged,1
laptop,1
vintage,1
train,1
exactly,1
dry,0
explore,1
maryland,1
spa,0
concept,1
nearly,1
eligible,1
checkout,1
reality,1
forgot,1
handling,1
origin,1
knew,0
gaming,1
feeds,1
billion,1
destination,1
scotland,1
faster,1
intelligence,1
dallas,1
bought,1
con,0
ups,0
nations,1
route,1
followed,1
specifications,1
broken,1
tripadvisor,1
frank,1
alaska,1
zoom,0
blow,0
battle,1
residential,1
anime,1
speak,1
decisions,1
industries,1
protocol,1
query,1
clip,0
partnership,1
editorial,1
nt,0
expression,1
es,0
equity,1
provisions,1
speech,1
wire,0
principles,1
suggestions,1
rural,1
shared,1
sounds,1
replacement,1
tape,0
strategic,1
judge,1
spam,0
economics,1
acid,0
bytes,1
cent,0
forced,1
compatible,1
fight,1
apartment,1
height,1
null,0
zero,0
speaker,1
filed,1
gb,0
netherlands,1
obtain,1
bc,0
consulting,1
recreation,1
offices,1
designer,1
remain,1
managed,1
pr,0
failed,1
marriage,1
roll,0
korea,1
banks,1
fr,0
participants,1
secret,1
bath,0
aa,0
kelly,1
leads,1
negative,1
austin,1
favorites,1
toronto,1
theater,1
springs,1
missouri,1
andrew,1
var,0
perform,1
healthy,1
translation,1
estimates,1
font,0
assets,1
injury,1
mt,0
joseph,1
ministry,1
drivers,1
lawyer,1
figures,1
married,1
protected,1
proposal,1
sharing,1
philadelphia,1
portal,1
waiting,1
birthday,1
beta,0
fail,0
gratis,1
banking,1
officials,1
brian,1
toward,1
won,0
slightly,1
assist,1
conduct,1
contained,1
lingerie,1
shemale,1
legislation,1
calling,1
parameters,1
jazz,0
serving,1
bags,0
profiles,1
miami,1
comics,1
matters,1
houses,1
doc,0
postal,1
relationships,1
tennessee,1
wear,0
controls,1
breaking,1
combined,1
ultimate,1
wales,1
representative,1
frequency,1
introduced,1
minor,1
finish,1
departments,1
residents,1
noted,1
displayed,1
mom,0
reduced,1
physics,1
rare,0
spent,1
performed,1
extreme,1
samples,1
davis,1
daniel,1
bars,0
reviewed,1
row,0
oz,0
forecast,1
removed,1
helps,1
singles,1
administrator,1
cycle,1
amounts,1
contain,1
accuracy,1
dual,0
rise,0
usd,0
sleep,1
mg,0
bird,0
pharmacy,1
brazil,1
creation,1
static,1
scene,1
hunter,1
addresses,1
lady,0
crystal,1
famous,1
writer,1
chairman,1
violence,1
fans,0
oklahoma,1
speakers,1
drink,1
academy,1
dynamic,1
gender,1
eat,0
permanent,1
agriculture,1
dell,0
cleaning,1
constitutes,1
portfolio,1
practical,1
delivered,1
collectibles,1
infrastructure,1
exclusive,1
seat,0
concerns,1
colour,1
vendor,1
originally,1
intel,1
utilities,1
philosophy,1
regulation,1
officers,1
reduction,1
aim,0
bids,0
referred,1
supports,1
nutrition,1
recording,1
regions,1
junior,1
toll,0
les,0
cape,0
ann,0
rings,1
meaning,1
tip,0
secondary,1
wonderful,1
mine,0
ladies,1
henry,1
ticket,1
announced,1
guess,1
agreed,1
prevention,1
whom,0
ski,0
soccer,1
math,0
import,1
posting,1
presence,1
instant,1
mentioned,1
automatic,1
healthcare,1
viewing,1
maintained,1
ch,0
increasing,1
majority,1
connected,1
christ,1
dan,0
dogs,0
sd,0
directors,1
aspects,1
austria,1
ahead,1
moon,0
participation,1
scheme,1
utility,1
preview,1
fly,0
manner,1
matrix,1
containing,1
combination,1
devel,1
amendment,1
despite,1
strength,1
guaranteed,1
turkey,1
libraries,1
proper,1
distributed,1
degrees,1
singapore,1
enterprises,1
delta,1
fear,0
seeking,1
inches,1
phoenix,1
rs,0
convention,1
shares,1
principal,1
daughter,1
standing,1
voyeur,1
comfort,1
colors,1
wars,0
cisco,1
ordering,1
kept,0
alpha,1
appeal,1
cruise,1
bonus,1
certification,1
previously,1
hey,0
bookmark,1
buildings,1
specials,1
beat,0
disney,1
household,1
batteries,1
adobe,1
smoking,1
bbc,0
becomes,1
drives,1
arms,0
alabama,1
tea,0
improved,1
trees,1
avg,0
achieve,1
positions,1
dress,1
subscription,1
dealer,1
contemporary,1
sky,0
utah,0
nearby,1
rom,0
carried,1
happen,1
exposure,1
panasonic,1
hide,0
permalink,1
signature,1
gambling,1
refer,1
miller,1
provision,1
outdoors,1
clothes,1
caused,1
luxury,1
babes,1
frames,1
viagra,1
certainly,1
indeed,1
newspaper,1
toy,0
circuit,1
layer,1
printed,1
slow,0
removal,1
easier,1
src,0
liability,1
trademark,1
hip,0
printers,1
faqs,0
nine,0
adding,1
kentucky,1
mostly,1
eric,0
spot,0
taylor,1
trackback,1
prints,1
spend,1
factory,1
interior,1
revised,1
grow,0
americans,1
optical,1
promotion,1
relative,1
amazing,1
clock,1
dot,0
hiv,0
identity,1
suites,1
conversion,1
feeling,1
hidden,1
reasonable,1
victoria,1
serial,1
relief,1
revision,1
broadband,1
influence,1
ratio,1
pda,0
importance,1
rain,0
onto,0
dsl,0
planet,1
webmaster,1
copies,1
recipe,1
zum,0
permit,1
seeing,1
proof,1
dna,0
diff,0
tennis,1
bass,0
prescription,1
bedroom,1
empty,1
instance,1
hole,0
pets,0
ride,0
licensed,1
orlando,1
specifically,1
tim,0
bureau,1
maine,1
sql,0
represent,1
conservation,1
pair,0
ideal,1
specs,1
recorded,1
don,0
pieces,1
finished,1
parks,1
dinner,1
lawyers,1
sydney,1
stress,1
cream,1
ss,0
runs,0
trends,1
yeah,0
discover,1
sexo,0
ap,0
patterns,1
boxes,1
louisiana,1
hills,1
javascript,1
fourth,1
nm,0
advisor,1
mn,0
marketplace,1
nd,0
evil,0
aware,1
wilson,1
shape,1
evolution,1
irish,1
certificates,1
objectives,1
stations,1
suggested,1
gps,0
op,0
remains,1
acc,0
greatest,1
firms,1
concerned,1
euro,0
operator,1
structures,1
generic,1
encyclopedia,1
usage,1
cap,0
ink,0
charts,1
continuing,1
mixed,1
census,1
interracial,1
peak,0
tn,0
competitive,1
exist,1
wheel,1
transit,1
dick,0
suppliers,1
salt,0
compact,1
poetry,1
lights,1
tracking,1
angel,1
bell,0
keeping,1
preparation,1
attempt,1
receiving,1
matches,1
accordance,1
width,1
noise,1
engines,1
forget,1
array,1
discussed,1
accurate,1
stephen,1
elizabeth,1
climate,1
reservations,1
pin,0
playstation,1
alcohol,1
greek,1
instruction,1
managing,1
annotation,1
sister,1
raw,0
differences,1
walking,1
explain,1
smaller,1
newest,1
establish,1
gnu,0
happened,1
expressed,1
jeff,0
extent,1
sharp,1
lesbians,1
ben,0
lane,0
paragraph,1
kill,0
mathematics,1
aol,0
compensation,1
ce,0
export,1
managers,1
aircraft,1
modules,1
sweden,1
conflict,1
conducted,1
versions,1
employer,1
occur,1
percentage,1
knows,1
mississippi,1
describe,1
concern,1
backup,1
requested,1
citizens,1
connecticut,1
heritage,1
personals,1
immediate,1
holding,1
trouble,1
spread,1
coach,1
kevin,1
agricultural,1
expand,1
supporting,1
audience,1
assigned,1
jordan,1
collections,1
ages,0
participate,1
plug,0
specialist,1
cook,0
affect,1
virgin,1
experienced,1
investigation,1
raised,1
hat,0
institution,1
directed,1
dealers,1
searching,1
sporting,1
helping,1
perl,0
affected,1
lib,0
bike,0
totally,1
plate,1
expenses,1
indicate,1
blonde,1
ab,0
proceedings,1
favourite,1
transmission,1
anderson,1
utc,0
characteristics,1
der,0
lose,0
organic,1
seek,0
experiences,1
albums,1
cheats,1
extremely,1
verzeichnis,1
contracts,1
guests,1
hosted,1
diseases,1
concerning,1
developers,1
equivalent,1
chemistry,1
tony,0
neighborhood,1
nevada,1
kits,0
thailand,1
variables,1
agenda,1
anyway,1
continues,1
tracks,1
advisory,1
cam,0
curriculum,1
logic,1
template,1
prince,1
circle,1
soil,0
grants,1
anywhere,1
psychology,1
responses,1
atlantic,1
wet,0
circumstances,1
edward,1
investor,1
identification,1
ram,0
leaving,1
wildlife,1
appliances,1
matt,0
elementary,1
cooking,1
speaking,1
sponsors,1
fox,0
unlimited,1
respond,1
sizes,1
plain,1
exit,0
entered,1
iran,0
arm,0
keys,0
launch,1
wave,0
checking,1
costa,1
belgium,1
printable,1
holy,0
acts,0
guidance,1
mesh,0
trail,1
enforcement,1
symbol,1
crafts,1
highway,1
buddy,1
hardcover,1
observed,1
dean,0
setup,1
poll,0
booking,1
glossary,1
fiscal,1
celebrity,1
styles,1
denver,1
unix,0
filled,1
bond,0
channels,1
ericsson,1
appendix,1
notify,1
blues,1
chocolate,1
pub,0
portion,1
scope,1
hampshire,1
supplier,1
cables,1
cotton,1
bluetooth,1
controlled,1
requirement,1
authorities,1
biology,1
dental,1
killed,1
border,1
ancient,1
debate,1
representatives,1
starts,1
pregnancy,1
causes,1
arkansas,1
biography,1
leisure,1
attractions,1
learned,1
transactions,1
notebook,1
explorer,1
historic,1
attached,1
opened,1
tm,0
husband,1
disabled,1
authorized,1
crazy,1
upcoming,1
britain,1
concert,1
retirement,1
scores,1
financing,1
efficiency,1
sp,0
comedy,1
adopted,1
efficient,1
weblog,1
linear,1
commitment,1
specialty,1
bears,1
jean,0
hop,0
carrier,1
edited,1
constant,1
visa,0
mouth,1
jewish,1
meter,1
linked,1
portland,1
interviews,1
concepts,1
nh,0
gun,0
reflect,1
pure,0
deliver,1
wonder,1
hell,0
lessons,1
fruit,1
begins,1
qualified,1
reform,1
lens,0
alerts,1
treated,1
discovery,1
draw,0
mysql,1
classified,1
relating,1
assume,1
confidence,1
alliance,1
fm,0
confirm,1
warm,0
neither,1
lewis,1
howard,1
offline,1
leaves,1
engineer,1
lifestyle,1
consistent,1
replace,1
clearance,1
connections,1
inventory,1
converter,1
suck,0
organisation,1
babe,0
checks,1
reached,1
becoming,1
blowjob,1
safari,1
objective,1
indicated,1
sugar,1
crew,0
legs,0
sam,0
stick,1
securities,1
allen,1
pdt,0
relation,1
enabled,1
genre,1
slide,1
montana,1
volunteer,1
tested,1
rear,0
democratic,1
enhance,1
switzerland,1
exact,1
bound,1
parameter,1
adapter,1
processor,1
node,0
formal,1
dimensions,1
contribute,1
lock,0
hockey,1
storm,1
micro,1
colleges,1
laptops,1
mile,0
showed,1
challenges,1
editors,1
mens,0
threads,1
bowl,0
supreme,1
brothers,1
recognition,1
presents,1
ref,0
tank,0
submission,1
dolls,1
estimate,1
encourage,1
navy,0
kid,0
regulatory,1
inspection,1
consumers,1
cancel,1
limits,1
territory,1
transaction,1
manchester,1
weapons,1
paint,1
delay,1
pilot,1
outlet,1
contributions,1
continuous,1
db,0
czech,1
resulting,1
cambridge,1
initiative,1
novel,1
pan,0
execution,1
disability,1
increases,1
ultra,1
winner,1
idaho,1
contractor,1
ph,0
episode,1
examination,1
potter,1
dish,0
plays,1
bulletin,1
ia,0
pt,0
indicates,1
modify,1
oxford,1
adam,0
truly,1
epinions,1
painting,1
committed,1
extensive,1
affordable,1
universe,1
candidate,1
databases,1
patent,1
slot,0
psp,0
outstanding,1
ha,0
eating,1
perspective,1
planned,1
watching,1
lodge,1
messenger,1
mirror,1
tournament,1
consideration,1
ds,0
discounts,1
sterling,1
sessions,1
kernel,1
boobs,1
stocks,1
buyers,1
journals,1
gray,0
catalogue,1
ea,0
jennifer,1
antonio,1
charged,1
broad,1
taiwan,1
und,0
chosen,1
demo,0
greece,1
lg,0
swiss,1
sarah,1
clark,1
labour,1
hate,0
terminal,1
publishers,1
nights,1
behalf,1
caribbean,1
liquid,1
rice,0
nebraska,1
loop,0
salary,1
reservation,1
foods,1
gourmet,1
guard,1
properly,1
orleans,1
saving,1
nfl,0
remaining,1
empire,1
resume,1
twenty,1
newly,1
raise,1
prepare,1
avatar,1
gary,0
depending,1
illegal,1
expansion,1
vary,0
hundreds,1
rome,0
arab,0
lincoln,1
helped,1
premier,1
tomorrow,1
purchased,1
milk,0
decide,1
consent,1
drama,1
visiting,1
performing,1
downtown,1
keyboard,1
contest,1
collected,1
nw,0
bands,1
boot,0
suitable,1
ff,0
absolutely,1
millions,1
lunch,1
dildo,1
audit,1
push,0
chamber,1
guinea,1
findings,1
muscle,1
featuring,1
iso,0
implement,1
clicking,1
scheduled,1
polls,1
typical,1
tower,1
yours,1
sum,0
misc,0
calculator,1
significantly,1
chicken,1
temporary,1
attend,1
shower,1
alan,0
sending,1
jason,1
tonight,1
dear,0
sufficient,1
holdem,1
shell,1
province,1
catholic,1
oak,0
vat,0
awareness,1
vancouver,1
governor,1
beer,0
seemed,1
contribution,1
measurement,1
swimming,1
spyware,1
formula,1
constitution,1
packaging,1
solar,1
jose,0
catch,1
jane,0
pakistan,1
ps,0
reliable,1
consultation,1
northwest,1
sir,0
doubt,1
earn,0
finder,1
unable,1
periods,1
classroom,1
tasks,1
democracy,1
attacks,1
kim,0
wallpaper,1
merchandise,1
const,1
resistance,1
doors,1
symptoms,1
resorts,1
biggest,1
memorial,1
visitor,1
twin,0
forth,1
insert,1
baltimore,1
gateway,1
ky,0
dont,0
alumni,1
drawing,1
candidates,1
charlotte,1
ordered,1
biological,1
fighting,1
transition,1
happens,1
preferences,1
spy,0
romance,1
instrument,1
bruce,1
split,1
themes,1
powers,1
heaven,1
br,0
bits,0
pregnant,1
twice,1
classification,1
focused,1
egypt,1
physician,1
hollywood,1
bargain,1
wikipedia,1
cellular,1
norway,1
vermont,1
asking,1
blocks,1
normally,1
lo,0
spiritual,1
hunting,1
diabetes,1
suit,0
ml,0
shift,1
chip,0
res,0
sit,0
bodies,1
photographs,1
cutting,1
wow,0
simon,1
writers,1
marks,1
flexible,1
loved,1
favourites,1
mapping,1
numerous,1
relatively,1
birds,1
satisfaction,1
represents,1
char,0
indexed,1
pittsburgh,1
superior,1
preferred,1
saved,1
paying,1
cartoon,1
shots,1
intellectual,1
moore,1
granted,1
choices,1
carbon,1
spending,1
comfortable,1
magnetic,1
interaction,1
listening,1
effectively,1
registry,1
crisis,1
outlook,1
massive,1
denmark,1
employed,1
bright,1
treat,1
header,1
cs,0
poverty,1
formed,1
piano,1
echo,0
que,0
grid,0
sheets,1
patrick,1
experimental,1
puerto,1
revolution,1
consolidation,1
displays,1
plasma,1
allowing,1
earnings,1
voip,0
mystery,1
landscape,1
dependent,1
mechanical,1
journey,1
delaware,1
bidding,1
consultants,1
risks,1
banner,1
applicant,1
charter,1
fig,0
barbara,1
cooperation,1
counties,1
acquisition,1
ports,1
implemented,1
sf,0
directories,1
recognized,1
dreams,1
blogger,1
notification,1
kg,0
licensing,1
stands,1
teach,1
occurred,1
textbooks,1
rapid,1
pull,0
hairy,1
diversity,1
cleveland,1
ut,0
reverse,1
deposit,1
seminar,1
investments,1
latina,1
nasa,0
wheels,1
sexcam,1
specify,1
accessibility,1
dutch,1
sensitive,1
templates,1
formats,1
tab,0
depends,1
boots,1
holds,1
router,1
concrete,1
si,0
editing,1
poland,1
folder,1
womens,1
css,0
completion,1
upload,1
pulse,1
universities,1
technique,1
contractors,1
milfhunter,1
voting,1
courts,1
notices,1
subscriptions,1
calculate,1
mc,0
detroit,1
alexander,1
broadcast,1
converted,1
metro,1
toshiba,1
anniversary,1
improvements,1
strip,1
specification,1
pearl,1
accident,1
nick,0
accessible,1
accessory,1
resident,1
plot,0
qty,0
possibly,1
airline,1
typically,1
representation,1
regard,1
pump,0
exists,1
arrangements,1
smooth,1
conferences,1
uniprotkb,1
beastiality,1
strike,1
consumption,1
birmingham,1
flashing,1
lp,0
narrow,1
afternoon,1
threat,1
surveys,1
sitting,1
putting,1
consultant,1
controller,1
ownership,1
committees,1
penis,1
legislative,1
researchers,1
vietnam,1
trailer,1
anne,0
castle,1
gardens,1
missed,1
malaysia,1
unsubscribe,1
antique,1
labels,1
willing,1
bio,0
molecular,1
upskirt,1
acting,1
heads,1
stored,1
exam,0
logos,1
residence,1
attorneys,1
milfs,1
antiques,1
density,1
hundred,1
ryan,0
operators,1
strange,1
sustainable,1
philippines,1
statistical,1
beds,0
breasts,1
mention,1
innovation,1
pcs,0
employers,1
grey,0
parallel,1
honda,1
amended,1
operate,1
bills,1
bold,0
bathroom,1
stable,1
opera,1
definitions,1
von,0
doctors,1
lesson,1
cinema,1
asset,1
ag,0
scan,0
elections,1
drinking,1
blowjobs,1
reaction,1
blank,1
enhanced,1
entitled,1
severe,1
generate,1
stainless,1
newspapers,1
hospitals,1
vi,0
deluxe,1
humor,1
aged,0
monitors,1
exception,1
lived,1
duration,1
bulk,0
successfully,1
indonesia,1
pursuant,1
sci,0
fabric,1
edt,0
visits,1
primarily,1
tight,1
domains,1
capabilities,1
pmid,0
contrast,1
recommendation,1
flying,1
recruitment,1
sin,0
berlin,1
cute,0
organized,1
ba,0
para,0
siemens,1
adoption,1
improving,1
cr,0
expensive,1
meant,1
capture,1
pounds,1
buffalo,1
organisations,1
plane,1
pg,0
explained,1
seed,0
programmes,1
desire,1
expertise,1
mechanism,1
camping,1
ee,0
jewellery,1
meets,1
welfare,1
peer,0
caught,1
eventually,1
marked,1
driven,1
measured,1
medline,1
bottle,1
agreements,1
considering,1
innovative,1
marshall,1
massage,1
rubber,1
conclusion,1
closing,1
tampa,1
thousand,1
meat,0
legend,1
grace,1
susan,1
ing,0
ks,0
adams,1
python,1
monster,1
alex,0
bang,0
villa,1
bone,0
columns,1
disorders,1
bugs,0
collaboration,1
hamilton,1
detection,1
ftp,0
cookies,1
inner,1
formation,1
tutorial,1
med,0
engineers,1
entity,1
cruises,1
gate,0
holder,1
proposals,1
moderator,1
sw,0
tutorials,1
settlement,1
portugal,1
lawrence,1
roman,1
duties,1
valuable,1
erotic,1
tone,0
collectables,1
ethics,1
forever,1
dragon,1
busy,0
captain,1
fantastic,1
imagine,1
brings,1
heating,1
leg,0
neck,0
hd,0
wing,0
governments,1
purchasing,1
scripts,1
abc,0
stereo,1
appointed,1
taste,1
dealing,1
commit,1
tiny,0
operational,1
rail,0
airlines,1
liberal,1
livecam,1
jay,0
trips,1
gap,0
sides,1
tube,0
turns,1
corresponding,1
descriptions,1
cache,1
belt,0
jacket,1
determination,1
animation,1
oracle,1
er,0
matthew,1
lease,1
productions,1
aviation,1
hobbies,1
proud,1
excess,1
disaster,1
console,1
commands,1
jr,0
telecommunications,1
instructor,1
giant,1
achieved,1
injuries,1
shipped,1
bestiality,1
seats,1
approaches,1
biz,0
alarm,1
voltage,1
anthony,1
nintendo,1
usual,1
loading,1
stamps,1
appeared,1
franklin,1
angle,1
rob,0
vinyl,1
highlights,1
mining,1
designers,1
melbourne,1
ongoing,1
worst,1
imaging,1
betting,1
scientists,1
liberty,1
wyoming,1
blackjack,1
argentina,1
era,0
convert,1
possibility,1
analyst,1
commissioner,1
dangerous,1
garage,1
exciting,1
reliability,1
thongs,1
gcc,0
unfortunately,1
respectively,1
volunteers,1
attachment,1
ringtone,1
finland,1
morgan,1
derived,1
pleasure,1
honor,1
asp,0
oriented,1
eagle,1
desktops,1
pants,1
columbus,1
nurse,1
prayer,1
appointment,1
workshops,1
hurricane,1
quiet,1
luck,0
postage,1
producer,1
represented,1
mortgages,1
dial,0
responsibilities,1
cheese,1
comic,1
carefully,1
jet,0
productivity,1
investors,1
crown,1
par,0
underground,1
diagnosis,1
maker,1
crack,1
principle,1
picks,1
vacations,1
gang,0
semester,1
calculated,1
cumshot,1
fetish,1
applies,1
casinos,1
appearance,1
smoke,1
apache,1
filters,1
incorporated,1
nv,0
craft,1
cake,0
notebooks,1
apart,1
fellow,1
blind,1
lounge,1
mad,0
algorithm,1
semi,0
coins,1
andy,0
gross,1
strongly,1
cafe,0
valentine,1
hilton,1
ken,0
proteins,1
horror,1
su,0
exp,0
familiar,1
capable,1
douglas,1
debian,1
till,0
involving,1
pen,0
investing,1
christopher,1
admission,1
epson,1
shoe,0
elected,1
carrying,1
victory,1
sand,0
madison,1
terrorism,1
joy,0
editions,1
cpu,0
mainly,1
ethnic,1
ran,0
parliament,1
actor,1
finds,1
seal,0
situations,1
fifth,1
allocated,1
citizen,1
vertical,1
corrections,1
structural,1
municipal,1
describes,1
prize,1
sr,0
occurs,1
jon,0
absolute,1
disabilities,1
consists,1
anytime,1
substance,1
prohibited,1
addressed,1
lies,0
pipe,0
soldiers,1
nr,0
guardian,1
lecture,1
simulation,1
layout,1
initiatives,1
ill,0
concentration,1
classics,1
lbs,0
lay,0
interpretation,1
horses,1
lol,0
dirty,1
deck,0
wayne,1
donate,1
taught,1
bankruptcy,1
mp,0
worker,1
optimization,1
alive,1
temple,1
substances,1
prove,1
discovered,1
wings,1
breaks,1
genetic,1
restrictions,1
participating,1
waters,1
promise,1
thin,0
exhibition,1
prefer,1
ridge,1
cabinet,1
modem,1
harris,1
mph,0
bringing,1
sick,0
dose,0
evaluate,1
tiffany,1
tropical,1
collect,1
bet,0
composition,1
toyota,1
streets,1
nationwide,1
vector,1
definitely,1
shaved,1
turning,1
buffer,1
purple,1
existence,1
commentary,1
larry,1
limousines,1
developments,1
def,0
immigration,1
destinations,1
lets,0
mutual,1
pipeline,1
necessarily,1
syntax,1
li,0
attribute,1
prison,1
skill,1
chairs,1
nl,0
everyday,1
apparently,1
surrounding,1
mountains,1
moves,1
popularity,1
inquiry,1
ethernet,1
checked,1
exhibit,1
throw,1
trend,1
sierra,1
visible,1
cats,0
desert,1
postposted,1
ya,0
oldest,1
rhode,1
nba,0
busty,1
coordinator,1
obviously,1
mercury,1
steven,1
handbook,1
greg,0
navigate,1
worse,1
summit,1
victims,1
epa,0
spaces,1
fundamental,1
burning,1
escape,1
coupons,1
somewhat,1
receiver,1
substantial,1
tr,0
progressive,1
cialis,1
bb,0
boats,1
glance,1
scottish,1
championship,1
arcade,1
richmond,1
sacramento,1
impossible,1
ron,0
russell,1
tells,1
obvious,1
fiber,1
depression,1
graph,1
covering,1
platinum,1
judgment,1
bedrooms,1
talks,1
filing,1
foster,1
modeling,1
passing,1
awarded,1
testimonials,1
trials,1
tissue,1
nz,0
memorabilia,1
clinton,1
masters,1
bonds,1
cartridge,1
alberta,1
explanation,1
folk,0
org,0
commons,1
cincinnati,1
subsection,1
fraud,1
electricity,1
permitted,1
spectrum,1
arrival,1
okay,0
pottery,1
emphasis,1
roger,1
aspect,1
workplace,1
awesome,1
mexican,1
confirmed,1
counts,1
priced,1
wallpapers,1
hist,0
crash,1
lift,0
desired,1
inter,1
closer,1
assumes,1
heights,1
shadow,1
riding,1
infection,1
firefox,1
lisa,0
expense,1
grove,1
eligibility,1
venture,1
clinic,1
korean,1
healing,1
princess,1
mall,0
entering,1
packet,1
spray,1
studios,1
involvement,1
dad,0
buttons,1
placement,1
observations,1
vbulletin,1
funded,1
thompson,1
winners,1
extend,1
roads,1
subsequent,1
pat,0
dublin,1
rolling,1
fell,0
motorcycle,1
yard,0
disclosure,1
establishment,1
memories,1
nelson,1
te,0
arrived,1
creates,1
faces,1
tourist,1
cocks,1
av,0
mayor,1
murder,1
sean,0
adequate,1
senator,1
yield,1
presentations,1
grades,1
cartoons,1
pour,0
digest,1
reg,0
lodging,1
tion,0
dust,0
hence,1
wiki,0
entirely,1
replaced,1
radar,1
rescue,1
undergraduate,1
losses,1
combat,1
reducing,1
stopped,1
occupation,1
lakes,1
butt,0
donations,1
associations,1
citysearch,1
closely,1
radiation,1
diary,1
seriously,1
kings,1
shooting,1
kent,0
adds,0
nsw,0
ear,0
flags,1
pci,0
baker,1
launched,1
elsewhere,1
pollution,1
conservative,1
guestbook,1
shock,1
effectiveness,1
walls,1
abroad,1
ebony,1
tie,0
ward,0
drawn,1
arthur,1
ian,0
visited,1
roof,0
walker,1
demonstrate,1
atmosphere,1
suggests,1
kiss,0
beast,1
ra,0
operated,1
experiment,1
targets,1
overseas,1
purchases,1
dodge,1
counsel,1
federation,1
pizza,1
invited,1
yards,1
assignment,1
chemicals,1
gordon,1
mod,0
farmers,1
rc,0
queries,1
bmw,0
rush,0
ukraine,1
absence,1
nearest,1
cluster,1
vendors,1
mpeg,0
whereas,1
yoga,0
serves,1
woods,1
surprise,1
lamp,0
rico,0
partial,1
shoppers,1
phil,0
everybody,1
couples,1
nashville,1
ranking,1
jokes,1
cst,0
http,0
ceo,0
simpson,1
twiki,1
sublime,1
counseling,1
palace,1
acceptable,1
satisfied,1
glad,0
wins,0
measurements,1
verify,1
globe,1
trusted,1
copper,1
milwaukee,1
rack,0
medication,1
warehouse,1
shareware,1
ec,0
rep,0
dicke,1
kerry,1
receipt,1
supposed,1
ordinary,1
nobody,1
ghost,1
violation,1
configure,1
stability,1
mit,0
applying,1
southwest,1
boss,0
pride,1
institutional,1
expectations,1
independence,1
knowing,1
reporter,1
metabolism,1
keith,1
champion,1
cloudy,1
linda,1
ross,0
personally,1
chile,1
anna,0
plenty,1
solo,0
sentence,1
throat,1
ignore,1
maria,1
uniform,1
excellence,1
wealth,1
tall,0
rm,0
somewhere,1
vacuum,1
dancing,1
attributes,1
recognize,1
brass,1
writes,1
plaza,1
pdas,0
outcomes,1
survival,1
quest,1
publish,1
sri,0
screening,1
toe,0
thumbnail,1
trans,1
jonathan,1
whenever,1
nova,0
lifetime,1
api,0
pioneer,1
booty,1
forgotten,1
acrobat,1
plates,1
acres,1
venue,1
athletic,1
thermal,1
essays,1
behaviour,1
vital,1
telling,1
fairly,1
coastal,1
config,1
cf,0
charity,1
intelligent,1
edinburgh,1
vt,0
excel,1
modes,1
obligation,1
campbell,1
wake,0
stupid,1
harbor,1
hungary,1
traveler,1
urw,0
segment,1
realize,1
regardless,1
lan,0
enemy,1
puzzle,1
rising,1
aluminum,1
wells,1
wishlist,1
opens,1
insight,1
sms,0
shit,0
restricted,1
republican,1
secrets,1
lucky,1
latter,1
merchants,1
thick,1
trailers,1
repeat,1
syndrome,1
philips,1
attendance,1
penalty,1
drum,0
glasses,1
enables,1
nec,0
iraqi,1
builder,1
vista,1
jessica,1
chips,1
terry,1
flood,1
foto,0
ease,0
arguments,1
amsterdam,1
orgy,0
arena,1
adventures,1
pupils,1
stewart,1
announcement,1
tabs,0
outcome,1
xx,0
appreciate,1
expanded,1
casual,1
grown,1
polish,1
lovely,1
extras,1
gm,0
centres,1
jerry,1
clause,1
smile,1
lands,1
ri,0
troops,1
indoor,1
bulgaria,1
armed,1
broker,1
charger,1
regularly,1
believed,1
pine,0
cooling,1
tend,0
gulf,0
rt,0
rick,0
trucks,1
cp,0
mechanisms,1
divorce,1
laura,1
shopper,1
tokyo,1
partly,1
nikon,1
customize,1
tradition,1
candy,1
pills,1
tiger,1
donald,1
folks,1
sensor,1
exposed,1
telecom,1
hunt,0
angels,1
deputy,1
indicators,1
sealed,1
thai,0
emissions,1
physicians,1
loaded,1
fred,0
complaint,1
scenes,1
experiments,1
balls,1
afghanistan,1
dd,0
boost,1
spanking,1
scholarship,1
governance,1
mill,0
founded,1
supplements,1
chronic,1
icons,1
tranny,1
moral,1
den,0
catering,1
aud,0
finger,1
keeps,1
pound,1
locate,1
camcorder,1
pl,0
trained,1
burn,0
implementing,1
roses,1
labs,0
ourselves,1
bread,1
tobacco,1
wooden,1
motors,1
tough,1
roberts,1
incident,1
gonna,1
dynamics,1
lie,0
crm,0
rf,0
conversation,1
decrease,1
cumshots,1
chest,1
pension,1
billy,1
revenues,1
emerging,1
worship,1
bukkake,1
capability,1
ak,0
fe,0
craig,1
herself,1
producing,1
churches,1
precision,1
damages,1
reserves,1
contributed,1
solve,1
shorts,1
reproduction,1
minority,1
td,0
diverse,1
amp,0
ingredients,1
sb,0
ah,0
johnny,1
sole,0
franchise,1
recorder,1
complaints,1
facing,1
sm,0
nancy,1
promotions,1
tones,1
passion,1
rehabilitation,1
maintaining,1
sight,1
laid,0
clay,0
defence,1
patches,1
weak,0
refund,1
usc,0
towns,1
environments,1
trembl,1
divided,1
blvd,0
reception,1
amd,0
wise,0
emails,1
cyprus,1
wv,0
odds,0
correctly,1
insider,1
seminars,1
consequences,1
makers,1
hearts,1
geography,1
appearing,1
integrity,1
worry,1
ns,0
discrimination,1
eve,0
carter,1
legacy,1
marc,0
pleased,1
danger,1
vitamin,1
widely,1
processed,1
phrase,1
genuine,1
raising,1
implications,1
functionality,1
paradise,1
hybrid,1
reads,1
roles,1
intermediate,1
emotional,1
sons,0
leaf,0
pad,0
glory,1
platforms,1
ja,0
bigger,1
billing,1
diesel,1
versus,1
combine,1
overnight,1
geographic,1
exceed,1
bs,0
rod,0
saudi,1
fault,1
cuba,0
hrs,0
preliminary,1
districts,1
introduce,1
silk,0
promotional,1
kate,0
chevrolet,1
babies,1
bi,0
karen,1
compiled,1
romantic,1
revealed,1
specialists,1
generator,1
albert,1
examine,1
jimmy,1
graham,1
suspension,1
bristol,1
margaret,1
compaq,1
sad,0
correction,1
wolf,0
slowly,1
authentication,1
communicate,1
rugby,1
supplement,1
showtimes,1
cal,0
portions,1
infant,1
promoting,1
sectors,1
samuel,1
fluid,1
grounds,1
fits,0
kick,0
regards,1
meal,0
ta,0
hurt,0
machinery,1
bandwidth,1
unlike,1
equation,1
baskets,1
probability,1
pot,0
dimension,1
wright,1
img,0
barry,1
proven,1
schedules,1
admissions,1
cached,1
warren,1
slip,0
studied,1
reviewer,1
involves,1
quarterly,1
rpm,0
profits,1
devil,1
grass,1
comply,1
marie,1
florist,1
illustrated,1
cherry,1
continental,1
alternate,1
deutsch,1
achievement,1
limitations,1
kenya,1
webcam,1
cuts,0
funeral,1
nutten,1
earrings,1
enjoyed,1
automated,1
chapters,1
pee,0
charlie,1
quebec,1
nipples,1
passenger,1
convenient,1
dennis,1
mars,0
francis,1
tvs,0
sized,1
manga,1
noticed,1
socket,1
silent,1
literary,1
egg,0
mhz,0
signals,1
caps,0
orientation,1
pill,0
theft,1
childhood,1
swing,1
symbols,1
lat,0
meta,0
humans,1
analog,1
facial,1
choosing,1
talent,1
dated,1
flexibility,1
seeker,1
wisdom,1
shoot,1
boundary,1
mint,0
packard,1
offset,1
payday,1
philip,1
elite,1
gi,0
spin,0
holders,1
believes,1
swedish,1
poems,1
deadline,1
jurisdiction,1
robot,1
displaying,1
witness,1
collins,1
equipped,1
stages,1
encouraged,1
sur,0
winds,1
powder,1
broadway,1
acquired,1
assess,1
wash,0
cartridges,1
stones,1
entrance,1
gnome,1
roots,1
declaration,1
losing,1
attempts,1
gadgets,1
noble,1
glasgow,1
automation,1
impacts,1
rev,0
gospel,1
advantages,1
shore,1
loves,1
induced,1
ll,0
knight,1
preparing,1
loose,1
aims,0
recipient,1
linking,1
extensions,1
appeals,1
cl,0
earned,1
illness,1
islamic,1
athletics,1
southeast,1
ieee,0
ho,0
alternatives,1
pending,1
parker,1
determining,1
lebanon,1
corp,0
personalized,1
kennedy,1
gt,0
sh,0
conditioning,1
teenage,1
soap,0
ae,0
triple,1
cooper,1
nyc,0
vincent,1
jam,0
secured,1
unusual,1
answered,1
partnerships,1
destruction,1
slots,1
increasingly,1
migration,1
disorder,1
routine,1
toolbar,1
basically,1
rocks,1
conventional,1
titans,1
applicants,1
wearing,1
axis,0
sought,1
genes,1
mounted,1
habitat,1
firewall,1
median,1
guns,0
scanner,1
herein,1
occupational,1
animated,1
horny,1
judicial,1
rio,0
hs,0
adjustment,1
hero,0
integer,1
treatments,1
bachelor,1
attitude,1
camcorders,1
engaged,1
falling,1
basics,1
montreal,1
carpet,1
rv,0
struct,1
lenses,1
binary,1
genetics,1
attended,1
difficulty,1
punk,0
collective,1
coalition,1
pi,0
dropped,1
enrollment,1
duke,0
walter,1
ai,0
pace,0
besides,1
wage,0
producers,1
ot,0
collector,1
arc,0
hosts,1
interfaces,1
advertisers,1
moments,1
atlas,1
strings,1
dawn,0
representing,1
observation,1
feels,1
torture,1
carl,0
deleted,1
coat,0
mitchell,1
mrs,0
rica,0
restoration,1
convenience,1
returning,1
ralph,1
opposition,1
container,1
yr,0
defendant,1
warner,1
confirmation,1
app,0
embedded,1
inkjet,1
supervisor,1
wizard,1
corps,1
actors,1
liver,1
peripherals,1
liable,1
brochure,1
morris,1
bestsellers,1
petition,1
eminem,1
recall,1
antenna,1
picked,1
assumed,1
departure,1
minneapolis,1
belief,1
killing,1
bikini,1
memphis,1
shoulder,1
decor,1
lookup,1
texts,1
harvard,1
brokers,1
roy,0
ion,0
diameter,1
ottawa,1
doll,0
ic,0
podcast,1
tit,0
seasons,1
peru,0
interactions,1
refine,1
bidder,1
singer,1
evans,1
herald,1
literacy,1
fails,1
aging,1
nike,0
intervention,1
pissing,1
fed,0
plugin,1
attraction,1
diving,1
invite,1
modification,1
alice,1
latinas,1
suppose,1
customized,1
reed,0
involve,1
moderate,1
terror,1
younger,1
thirty,1
mice,0
opposite,1
understood,1
rapidly,1
dealtime,1
ban,0
temp,0
intro,1
mercedes,1
zus,0
assurance,1
fisting,1
clerk,1
happening,1
vast,0
mills,1
outline,1
amendments,1
tramadol,1
holland,1
receives,1
jeans,1
metropolitan,1
compilation,1
verification,1
fonts,1
ent,0
odd,0
wrap,0
refers,1
mood,0
favor,1
veterans,1
quiz,0
mx,0
sigma,1
gr,0
attractive,1
xhtml,1
occasion,1
recordings,1
jefferson,1
victim,1
demands,1
sleeping,1
careful,1
ext,0
beam,0
gardening,1
obligations,1
arrive,1
orchestra,1
sunset,1
tracked,1
moreover,1
minimal,1
polyphonic,1
lottery,1
tops,0
framed,1
aside,1
outsourcing,1
licence,1
adjustable,1
allocation,1
michelle,1
essay,1
discipline,1
amy,0
ts,0
demonstrated,1
dialogue,1
identifying,1
alphabetical,1
camps,1
declared,1
dispatched,1
aaron,1
handheld,1
trace,1
disposal,1
shut,0
florists,1
packs,1
ge,0
installing,1
switches,1
romania,1
voluntary,1
ncaa,0
thou,0
consult,1
phd,0
greatly,1
blogging,1
mask,0
cycling,1
midnight,1
ng,0
commonly,1
pe,0
photographer,1
inform,1
turkish,1
coal,0
cry,0
messaging,1
pentium,1
quantum,1
murray,1
intent,1
tt,0
zoo,0
largely,1
pleasant,1
announce,1
constructed,1
additions,1
requiring,1
spoke,1
aka,0
arrow,1
engagement,1
sampling,1
rough,1
weird,1
tee,0
refinance,1
lion,0
inspired,1
holes,1
weddings,1
blade,1
suddenly,1
oxygen,1
cookie,1
meals,1
canyon,1
goto,0
meters,1
merely,1
calendars,1
arrangement,1
conclusions,1
passes,1
bibliography,1
pointer,1
compatibility,1
stretch,1
durham,1
furthermore,1
permits,1
cooperative,1
muslim,1
xl,0
neil,0
sleeve,1
netscape,1
cleaner,1
cricket,1
beef,0
feeding,1
stroke,1
township,1
rankings,1
measuring,1
cad,0
hats,0
robin,1
robinson,1
jacksonville,1
strap,1
headquarters,1
sharon,1
crowd,1
tcp,0
transfers,1
surf,0
olympic,1
transformation,1
remained,1
attachments,1
dv,0
dir,0
entities,1
customs,1
administrators,1
personality,1
rainbow,1
hook,0
roulette,1
decline,1
gloves,1
israeli,1
medicare,1
cord,0
skiing,1
cloud,1
facilitate,1
subscriber,1
valve,1
val,0
hewlett,1
explains,1
proceed,1
flickr,1
feelings,1
knife,1
jamaica,1
priorities,1
shelf,1
bookstore,1
timing,1
liked,1
parenting,1
adopt,1
denied,1
fotos,1
incredible,1
britney,1
freeware,1
fucked,1
donation,1
outer,1
crop,0
deaths,1
rivers,1
commonwealth,1
pharmaceutical,1
manhattan,1
tales,1
katrina,1
workforce,1
islam,1
nodes,1
tu,0
fy,0
thumbs,1
seeds,1
cited,1
lite,0
ghz,0
hub,0
targeted,1
organizational,1
skype,1
realized,1
twelve,1
founder,1
decade,1
gamecube,1
rr,0
dispute,1
portuguese,1
tired,1
titten,1
adverse,1
everywhere,1
excerpt,1
eng,0
steam,1
discharge,1
ef,0
drinks,1
ace,0
voices,1
acute,1
halloween,1
climbing,1
stood,1
sing,0
tons,0
perfume,1
carol,1
honest,1
albany,1
hazardous,1
restore,1
stack,1
methodology,1
somebody,1
sue,0
ep,0
housewares,1
reputation,1
resistant,1
democrats,1
recycling,1
hang,0
gbp,0
curve,1
creator,1
amber,1
qualifications,1
museums,1
coding,1
slideshow,1
tracker,1
variation,1
passage,1
transferred,1
trunk,1
hiking,1
lb,0
damn,0
pierre,1
jelsoft,1
headset,1
photograph,1
oakland,1
colombia,1
waves,1
camel,1
distributor,1
lamps,1
underlying,1
hood,0
wrestling,1
suicide,1
archived,1
photoshop,1
jp,0
chi,0
bt,0
arabia,1
gathering,1
projection,1
juice,1
chase,1
mathematical,1
logical,1
sauce,1
fame,0
extract,1
specialized,1
diagnostic,1
panama,1
indianapolis,1
af,0
payable,1
corporations,1
courtesy,1
criticism,1
automobile,1
confidential,1
rfc,0
statutory,1
accommodations,1
athens,1
northeast,1
downloaded,1
judges,1
sl,0
seo,0
retired,1
isp,0
remarks,1
detected,1
decades,1
paintings,1
walked,1
arising,1
nissan,1
bracelet,1
ins,0
eggs,0
juvenile,1
injection,1
yorkshire,1
populations,1
protective,1
afraid,1
acoustic,1
railway,1
cassette,1
initially,1
indicator,1
pointed,1
hb,0
jpg,0
causing,1
mistake,1
norton,1
locked,1
eliminate,1
tc,0
fusion,1
mineral,1
sunglasses,1
ruby,0
steering,1
beads,1
fortune,1
preference,1
canvas,1
threshold,1
parish,1
claimed,1
screens,1
cemetery,1
planner,1
croatia,1
flows,1
stadium,1
venezuela,1
exploration,1
mins,0
fewer,1
sequences,1
coupon,1
nurses,1
ssl,0
stem,0
proxy,1
gangbang,1
astronomy,1
lanka,1
opt,0
edwards,1
drew,0
contests,1
flu,0
translate,1
announces,1
mlb,0
costume,1
tagged,1
berkeley,1
voted,1
killer,1
bikes,1
gates,1
adjusted,1
rap,0
tune,0
bishop,1
pulled,1
corn,0
gp,0
shaped,1
compression,1
seasonal,1
establishing,1
farmer,1
counters,1
puts,0
constitutional,1
grew,0
perfectly,1
tin,0
slave,1
instantly,1
cultures,1
norfolk,1
coaching,1
examined,1
trek,0
encoding,1
litigation,1
submissions,1
oem,0
heroes,1
painted,1
lycos,1
ir,0
zdnet,1
broadcasting,1
horizontal,1
artwork,1
cosmetic,1
resulted,1
portrait,1
terrorist,1
informational,1
ethical,1
carriers,1
ecommerce,1
mobility,1
floral,1
builders,1
ties,0
struggle,1
schemes,1
suffering,1
neutral,1
fisher,1
rat,0
spears,1
prospective,1
dildos,1
bedding,1
ultimately,1
joining,1
heading,1
equally,1
artificial,1
bearing,1
spectacular,1
coordination,1
connector,1
brad,0
combo,1
seniors,1
worlds,1
guilty,1
affiliated,1
activation,1
naturally,1
haven,1
tablet,1
jury,0
dos,0
tail,0
subscribers,1
charm,1
lawn,0
violent,1
mitsubishi,1
underwear,1
basin,1
soup,0
potentially,1
ranch,1
constraints,1
crossing,1
inclusive,1
dimensional,1
cottage,1
drunk,1
considerable,1
crimes,1
resolved,1
mozilla,1
byte,0
toner,1
nose,0
latex,1
branches,1
anymore,1
oclc,0
delhi,1
holdings,1
alien,1
locator,1
selecting,1
processors,1
pantyhose,1
plc,0
broke,1
nepal,1
zimbabwe,1
difficulties,1
juan,0
complexity,1
msg,0
constantly,1
browsing,1
resolve,1
barcelona,1
presidential,1
documentary,1
cod,0
territories,1
melissa,1
moscow,1
thesis,1
thru,0
jews,0
nylon,1
palestinian,1
discs,1
rocky,1
bargains,1
frequent,1
trim,0
nigeria,1
ceiling,1
pixels,1
ensuring,1
hispanic,1
cv,0
cb,0
legislature,1
hospitality,1
gen,0
anybody,1
procurement,1
diamonds,1
espn,0
fleet,1
untitled,1
bunch,1
totals,1
marriott,1
singing,1
theoretical,1
afford,1
exercises,1
starring,1
referral,1
nhl,0
surveillance,1
optimal,1
quit,0
distinct,1
protocols,1
lung,0
highlight,1
substitute,1
inclusion,1
hopefully,1
brilliant,1
turner,1
sucking,1
cents,1
reuters,1
ti,0
fc,0
gel,0
todd,0
spoken,1
omega,1
evaluated,1
stayed,1
civic,1
assignments,1
fw,0
manuals,1
doug,0
sees,0
termination,1
watched,1
saver,1
thereof,1
grill,1
households,1
gs,0
redeem,1
rogers,1
grain,1
aaa,0
authentic,1
regime,1
wanna,1
wishes,1
bull,0
montgomery,1
architectural,1
louisville,1
depend,1
differ,1
macintosh,1
movements,1
ranging,1
monica,1
repairs,1
breath,1
amenities,1
virtually,1
cole,0
mart,0
candle,1
hanging,1
colored,1
authorization,1
tale,0
verified,1
lynn,0
formerly,1
projector,1
bp,0
situated,1
comparative,1
std,0
seeks,1
herbal,1
loving,1
strictly,1
routing,1
docs,0
stanley,1
psychological,1
surprised,1
retailer,1
vitamins,1
elegant,1
gains,1
renewal,1
vid,0
genealogy,1
opposed,1
deemed,1
scoring,1
expenditure,1
panties,1
brooklyn,1
liverpool,1
sisters,1
critics,1
connectivity,1
spots,1
oo,0
algorithms,1
hacker,1
madrid,1
similarly,1
margin,1
coin,0
bbw,0
solely,1
fake,0
salon,1
collaborative,1
norman,1
fda,0
excluding,1
turbo,1
headed,1
voters,1
cure,0
madonna,1
commander,1
arch,0
ni,0
murphy,1
thinks,1
thats,1
suggestion,1
hdtv,0
soldier,1
phillips,1
asin,0
aimed,1
justin,1
bomb,0
harm,0
interval,1
mirrors,1
spotlight,1
tricks,1
reset,1
brush,1
investigate,1
thy,0
expansys,1
panels,1
repeated,1
assault,1
connecting,1
spare,1
logistics,1
deer,0
kodak,1
tongue,1
bowling,1
tri,0
danish,1
pal,0
monkey,1
proportion,1
filename,1
skirt,1
florence,1
invest,1
honey,1
um,0
analyses,1
drawings,1
significance,1
scenario,1
ye,0
fs,0
lovers,1
atomic,1
approx,1
symposium,1
arabic,1
gauge,1
essentials,1
junction,1
protecting,1
nn,0
faced,1
mat,0
rachel,1
solving,1
transmitted,1
weekends,1
screenshots,1
produces,1
oven,0
ted,0
intensive,1
chains,1
kingston,1
sixth,1
engage,1
deviant,1
noon,0
switching,1
quoted,1
adapters,1
correspondence,1
farms,1
imports,1
supervision,1
cheat,1
bronze,1
expenditures,1
sandy,1
separation,1
testimony,1
suspect,1
celebrities,1
macro,1
sender,1
mandatory,1
boundaries,1
crucial,1
syndication,1
gym,0
celebration,1
kde,0
adjacent,1
filtering,1
tuition,1
spouse,1
exotic,1
viewer,1
signup,1
threats,1
luxembourg,1
puzzles,1
reaching,1
vb,0
damaged,1
cams,0
receptor,1
piss,0
laugh,1
joel,0
surgical,1
destroy,1
citation,1
pitch,1
autos,1
yo,0
premises,1
perry,1
proved,1
offensive,1
imperial,1
dozen,1
benjamin,1
deployment,1
teeth,1
cloth,1
studying,1
colleagues,1
stamp,1
lotus,1
salmon,1
olympus,1
separated,1
proc,0
cargo,1
tan,0
directive,1
fx,0
salem,1
mate,0
dl,0
starter,1
upgrades,1
likes,1
butter,1
pepper,1
weapon,1
luggage,1
burden,1
chef,0
tapes,1
zones,1
races,1
isle,0
stylish,1
slim,0
maple,1
luke,0
grocery,1
offshore,1
governing,1
retailers,1
depot,1
kenneth,1
comp,0
alt,0
pie,0
blend,1
harrison,1
ls,0
julie,1
occasionally,1
cbs,0
attending,1
emission,1
pete,0
spec,0
finest,1
realty,1
janet,1
bow,0
penn,0
recruiting,1
apparent,1
instructional,1
phpbb,1
autumn,1
traveling,1
probe,1
midi,0
permissions,1
biotechnology,1
toilet,1
ranked,1
jackets,1
routes,1
packed,1
excited,1
outreach,1
helen,1
mounting,1
recover,1
tied,0
lopez,1
balanced,1
prescribed,1
catherine,1
timely,1
talked,1
upskirts,1
debug,1
delayed,1
chuck,1
reproduced,1
hon,0
dale,0
explicit,1
calculation,1
villas,1
ebook,1
consolidated,1
boob,0
exclude,1
peeing,1
occasions,1
brooks,1
equations,1
newton,1
oils,0
sept,0
exceptional,1
anxiety,1
bingo,1
whilst,1
spatial,1
respondents,1
unto,0
lt,0
ceramic,1
prompt,1
precious,1
minds,1
annually,1
considerations,1
scanners,1
atm,0
xanax,1
eq,0
pays,0
cox,0
fingers,1
sunny,1
ebooks,1
delivers,1
je,0
queensland,1
necklace,1
musicians,1
leeds,1
composite,1
unavailable,1
cedar,1
arranged,1
lang,0
theaters,1
advocacy,1
raleigh,1
stud,0
fold,0
essentially,1
designing,1
threaded,1
uv,0
qualify,1
fingering,1
blair,1
hopes,1
assessments,1
cms,0
mason,1
diagram,1
burns,1
pumps,1
slut,0
ejaculation,1
footwear,1
sg,0
vic,0
beijing,1
peoples,1
victor,1
mario,1
pos,0
attach,1
licenses,1
utils,1
removing,1
advised,1
brunswick,1
spider,1
phys,0
ranges,1
pairs,1
sensitivity,1
trails,1
preservation,1
hudson,1
isolated,1
calgary,1
interim,1
assisted,1
divine,1
streaming,1
approve,1
chose,1
compound,1
intensity,1
technological,1
syndicate,1
abortion,1
dialog,1
venues,1
blast,1
wellness,1
calcium,1
newport,1
antivirus,1
addressing,1
pole,0
discounted,1
indians,1
shield,1
harvest,1
membrane,1
prague,1
previews,1
bangladesh,1
constitute,1
locally,1
concluded,1
pickup,1
desperate,1
mothers,1
nascar,1
iceland,1
demonstration,1
governmental,1
manufactured,1
candles,1
graduation,1
mega,0
bend,0
sailing,1
variations,1
moms,0
sacred,1
addiction,1
morocco,1
chrome,1
tommy,1
springfield,1
refused,1
brake,1
exterior,1
greeting,1
ecology,1
oliver,1
congo,1
glen,0
botswana,1
nav,0
delays,1
synthesis,1
olive,1
undefined,1
unemployment,1
cyber,1
verizon,1
scored,1
enhancement,1
newcastle,1
clone,1
dicks,1
velocity,1
lambda,1
relay,1
composed,1
tears,1
performances,1
oasis,1
baseline,1
cab,0
angry,1
fa,0
societies,1
silicon,1
brazilian,1
identical,1
petroleum,1
compete,1
ist,0
norwegian,1
lover,1
belong,1
honolulu,1
beatles,1
lips,0
escort,1
retention,1
exchanges,1
pond,0
rolls,1
thomson,1
barnes,1
soundtrack,1
wondering,1
malta,1
daddy,1
lc,0
ferry,1
rabbit,1
profession,1
seating,1
dam,0
cnn,0
separately,1
physiology,1
lil,0
collecting,1
das,0
exports,1
omaha,1
tire,0
participant,1
scholarships,1
recreational,1
dominican,1
chad,0
electron,1
loads,1
friendship,1
heather,1
passport,1
motel,1
unions,1
treasury,1
warrant,1
sys,0
solaris,1
frozen,1
occupied,1
josh,0
royalty,1
scales,1
rally,1
observer,1
sunshine,1
strain,1
drag,0
ceremony,1
somehow,1
arrested,1
expanding,1
provincial,1
investigations,1
icq,0
ripe,0
yamaha,1
rely,0
medications,1
hebrew,1
gained,1
rochester,1
dying,1
laundry,1
stuck,1
solomon,1
placing,1
stops,1
homework,1
adjust,1
assessed,1
advertiser,1
enabling,1
encryption,1
filling,1
downloadable,1
sophisticated,1
imposed,1
silence,1
scsi,0
focuses,1
soviet,1
possession,1
cu,0
laboratories,1
treaty,1
vocal,1
trainer,1
organ,1
stronger,1
volumes,1
advances,1
vegetables,1
lemon,1
toxic,1
dns,0
thumbnails,1
darkness,1
pty,0
ws,0
nuts,0
nail,0
bizrate,1
vienna,1
implied,1
span,0
stanford,1
sox,0
stockings,1
joke,0
respondent,1
packing,1
statute,1
rejected,1
satisfy,1
destroyed,1
shelter,1
chapel,1
gamespot,1
manufacture,1
layers,1
wordpress,1
guided,1
vulnerability,1
accountability,1
celebrate,1
accredited,1
appliance,1
compressed,1
bahamas,1
powell,1
mixture,1
zoophilia,1
bench,1
univ,0
tub,0
rider,1
scheduling,1
radius,1
perspectives,1
mortality,1
logging,1
hampton,1
christians,1
borders,1
therapeutic,1
pads,0
butts,1
inns,0
bobby,1
impressive,1
sheep,1
accordingly,1
architect,1
railroad,1
lectures,1
challenging,1
wines,1
nursery,1
harder,1
cups,0
ash,0
microwave,1
cheapest,1
accidents,1
travesti,1
relocation,1
stuart,1
contributors,1
salvador,1
ali,0
salad,1
np,0
monroe,1
tender,1
violations,1
foam,0
temperatures,1
paste,1
clouds,1
competitions,1
discretion,1
tft,0
tanzania,1
preserve,1
jvc,0
poem,0
vibrator,1
unsigned,1
staying,1
cosmetics,1
easter,1
theories,1
repository,1
praise,1
jeremy,1
venice,1
jo,0
concentrations,1
vibrators,1
estonia,1
christianity,1
veteran,1
streams,1
landing,1
signing,1
executed,1
katie,1
negotiations,1
realistic,1
dt,0
cgi,0
showcase,1
integral,1
asks,0
relax,1
namibia,1
generating,1
christina,1
congressional,1
synopsis,1
hardly,1
prairie,1
reunion,1
composer,1
bean,0
sword,1
absent,1
photographic,1
sells,1
ecuador,1
hoping,1
accessed,1
spirits,1
modifications,1
coral,1
pixel,1
float,1
colin,1
bias,0
imported,1
paths,1
bubble,1
por,0
acquire,1
contrary,1
millennium,1
tribune,1
vessel,1
acids,1
focusing,1
viruses,1
cheaper,1
admitted,1
dairy,1
admit,1
mem,0
fancy,1
equality,1
samoa,1
gc,0
achieving,1
tap,0
stickers,1
fisheries,1
exceptions,1
reactions,1
leasing,1
lauren,1
beliefs,1
ci,0
macromedia,1
companion,1
squad,1
analyze,1
ashley,1
scroll,1
relate,1
divisions,1
swim,0
wages,1
additionally,1
suffer,1
forests,1
fellowship,1
nano,0
invalid,1
concerts,1
martial,1
males,1
victorian,1
retain,1
colours,1
execute,1
tunnel,1
genres,1
cambodia,1
patents,1
copyrights,1
yn,0
chaos,1
lithuania,1
mastercard,1
wheat,1
chronicles,1
obtaining,1
beaver,1
updating,1
distribute,1
readings,1
decorative,1
kijiji,1
confused,1
compiler,1
enlargement,1
eagles,1
bases,1
vii,0
accused,1
bee,0
campaigns,1
unity,1
loud,0
conjunction,1
bride,1
rats,0
defines,1
airports,1
instances,1
indigenous,1
begun,1
cfr,0
brunette,1
packets,1
anchor,1
socks,1
validation,1
parade,1
corruption,1
stat,0
trigger,1
incentives,1
cholesterol,1
gathered,1
essex,1
slovenia,1
notified,1
differential,1
beaches,1
folders,1
dramatic,1
surfaces,1
terrible,1
routers,1
cruz,0
pendant,1
dresses,1
baptist,1
scientist,1
starsmerchant,1
hiring,1
clocks,1
arthritis,1
bios,0
females,1
wallace,1
nevertheless,1
reflects,1
taxation,1
fever,1
pmc,0
cuisine,1
surely,1
practitioners,1
transcript,1
myspace,1
theorem,1
inflation,1
thee,0
nb,0
ruth,0
pray,0
stylus,1
compounds,1
pope,0
drums,1
contracting,1
topless,1
arnold,1
structured,1
reasonably,1
jeep,0
chicks,1
bare,0
hung,0
cattle,1
mba,0
radical,1
graduates,1
rover,1
recommends,1
controlling,1
treasure,1
reload,1
distributors,1
flame,1
levitra,1
tanks,1
assuming,1
monetary,1
elderly,1
pit,0
arlington,1
mono,0
particles,1
floating,1
extraordinary,1
tile,0
indicating,1
bolivia,1
spell,1
hottest,1
stevens,1
coordinate,1
kuwait,1
exclusively,1
emily,1
alleged,1
limitation,1
widescreen,1
compile,1
squirting,1
webster,1
struck,1
rx,0
illustration,1
plymouth,1
warnings,1
construct,1
apps,0
inquiries,1
bridal,1
annex,1
mag,0
gsm,0
inspiration,1
tribal,1
curious,1
affecting,1
freight,1
rebate,1
meetup,1
eclipse,1
sudan,1
ddr,0
downloading,1
rec,0
shuttle,1
aggregate,1
stunning,1
cycles,1
affects,1
forecasts,1
detect,1
sluts,1
actively,1
ciao,0
ampland,1
knee,0
prep,0
pb,0
complicated,1
chem,0
fastest,1
butler,1
shopzilla,1
injured,1
decorating,1
payroll,1
cookbook,1
expressions,1
ton,0
courier,1
uploaded,1
shakespeare,1
hints,1
collapse,1
americas,1
connectors,1
twinks,1
unlikely,1
oe,0
gif,0
pros,0
conflicts,1
techno,1
beverage,1
tribute,1
wired,1
elvis,1
immune,1
latvia,1
travelers,1
forestry,1
barriers,1
cant,0
jd,0
rarely,1
gpl,0
infected,1
offerings,1
martha,1
genesis,1
barrier,1
argue,1
incorrect,1
trains,1
metals,1
bicycle,1
furnishings,1
letting,1
arise,1
guatemala,1
celtic,1
thereby,1
irc,0
jamie,1
particle,1
perception,1
minerals,1
advise,1
humidity,1
bottles,1
boxing,1
wy,0
dm,0
bangkok,1
renaissance,1
pathology,1
sara,0
bra,0
ordinance,1
hughes,1
photographers,1
bitch,1
infections,1
jeffrey,1
chess,1
operates,1
brisbane,1
configured,1
survive,1
oscar,1
festivals,1
menus,1
joan,0
possibilities,1
duck,0
reveal,1
canal,1
amino,1
phi,0
contributing,1
herbs,1
clinics,1
mls,0
cow,0
manitoba,1
analytical,1
missions,1
watson,1
lying,1
costumes,1
strict,1
dive,0
saddam,1
circulation,1
drill,1
offense,1
threesome,1
bryan,1
cet,0
protest,1
handjob,1
assumption,1
jerusalem,1
hobby,1
tries,1
transexuales,1
invention,1
nickname,1
fiji,0
technician,1
inline,1
executives,1
enquiries,1
washing,1
audi,0
staffing,1
cognitive,1
exploring,1
trick,1
enquiry,1
closure,1
raid,0
ppc,0
timber,1
volt,0
intense,1
div,0
playlist,1
registrar,1
showers,1
supporters,1
ruling,1
steady,1
dirt,0
statutes,1
withdrawal,1
myers,1
drops,1
predicted,1
wider,1
saskatchewan,1
jc,0
cancellation,1
plugins,1
enrolled,1
sensors,1
screw,1
ministers,1
publicly,1
hourly,1
blame,1
geneva,1
freebsd,1
veterinary,1
acer,0
prostores,1
reseller,1
dist,0
handed,1
suffered,1
intake,1
informal,1
relevance,1
incentive,1
butterfly,1
tucson,1
mechanics,1
heavily,1
swingers,1
fifty,1
headers,1
mistakes,1
numerical,1
ons,0
geek,0
uncle,1
defining,1
xnxx,0
counting,1
reflection,1
sink,0
accompanied,1
assure,1
invitation,1
devoted,1
princeton,1
jacob,1
sodium,1
randy,1
spirituality,1
hormone,1
meanwhile,1
proprietary,1
timothy,1
childrens,1
brick,1
grip,0
naval,1
thumbzilla,1
medieval,1
porcelain,1
avi,0
bridges,1
pichunter,1
captured,1
watt,0
thehun,1
decent,1
casting,1
dayton,1
translated,1
shortly,1
cameron,1
columnists,1
pins,0
carlos,1
reno,0
donna,1
andreas,1
warrior,1
diploma,1
cabin,1
innocent,1
bdsm,0
scanning,1
ide,0
consensus,1
polo,0
valium,1
copying,1
rpg,0
delivering,1
cordless,1
patricia,1
horn,0
eddie,1
uganda,1
fired,1
journalism,1
pd,0
prot,0
trivia,1
adidas,1
perth,1
frog,0
grammar,1
intention,1
syria,1
disagree,1
klein,1
harvey,1
tires,1
logs,0
undertaken,1
tgp,0
hazard,1
retro,1
leo,0
livesex,1
statewide,1
semiconductor,1
gregory,1
episodes,1
boolean,1
circular,1
anger,1
diy,0
mainland,1
illustrations,1
suits,1
chances,1
interact,1
snap,0
happiness,1
arg,0
substantially,1
bizarre,1
glenn,1
ur,0
auckland,1
olympics,1
fruits,1
identifier,1
geo,0
worldsex,1
ribbon,1
calculations,1
doe,0
jpeg,0
conducting,1
startup,1
suzuki,1
trinidad,1
ati,0
kissing,1
wal,0
handy,1
swap,0
exempt,1
crops,1
reduces,1
accomplished,1
calculators,1
geometry,1
impression,1
abs,0
slovakia,1
flip,0
guild,1
correlation,1
gorgeous,1
capitol,1
sim,0
dishes,1
rna,0
barbados,1
chrysler,1
nervous,1
refuse,1
extends,1
fragrance,1
mcdonald,1
replica,1
plumbing,1
brussels,1
tribe,1
neighbors,1
trades,1
superb,1
buzz,0
transparent,1
nuke,0
rid,0
trinity,1
charleston,1
handled,1
legends,1
boom,0
calm,0
champions,1
floors,1
selections,1
projectors,1
inappropriate,1
exhaust,1
comparing,1
shanghai,1
speaks,1
burton,1
vocational,1
davidson,1
copied,1
scotia,1
farming,1
gibson,1
pharmacies,1
fork,0
troy,0
ln,0
roller,1
introducing,1
batch,1
organize,1
appreciated,1
alter,1
nicole,1
latino,1
ghana,1
edges,1
uc,0
mixing,1
handles,1
skilled,1
fitted,1
albuquerque,1
harmony,1
distinguished,1
asthma,1
projected,1
assumptions,1
shareholders,1
twins,1
developmental,1
rip,0
zope,0
regulated,1
triangle,1
amend,1
anticipated,1
oriental,1
reward,1
windsor,1
zambia,1
completing,1
gmbh,0
buf,0
ld,0
hydrogen,1
webshots,1
sprint,1
comparable,1
chick,1
advocate,1
sims,0
confusion,1
copyrighted,1
tray,0
inputs,1
warranties,1
genome,1
escorts,1
documented,1
thong,1
medal,1
paperbacks,1
coaches,1
vessels,1
harbour,1
walks,1
sucks,1
sol,0
keyboards,1
sage,0
knives,1
eco,0
vulnerable,1
arrange,1
artistic,1
bat,0
honors,1
booth,1
indie,1
reflected,1
unified,1
bones,1
breed,1
detector,1
ignored,1
polar,1
fallen,1
precise,1
sussex,1
respiratory,1
notifications,1
msgid,1
transexual,1
mainstream,1
invoice,1
evaluating,1
lip,0
subcommittee,1
sap,0
gather,1
suse,0
maternity,1
backed,1
alfred,1
colonial,1
mf,0
carey,1
motels,1
forming,1
embassy,1
cave,0
journalists,1
danny,1
rebecca,1
slight,1
proceeds,1
indirect,1
amongst,1
wool,0
foundations,1
msgstr,1
arrest,1
volleyball,1
mw,0
adipex,1
horizon,1
nu,0
deeply,1
toolbox,1
ict,0
marina,1
liabilities,1
prizes,1
bosnia,1
browsers,1
decreased,1
patio,1
dp,0
tolerance,1
surfing,1
creativity,1
lloyd,1
describing,1
optics,1
pursue,1
lightning,1
overcome,1
eyed,0
ou,0
quotations,1
grab,0
inspector,1
attract,1
brighton,1
beans,1
bookmarks,1
ellis,1
disable,1
snake,1
succeed,1
leonard,1
lending,1
oops,0
reminder,1
nipple,1
xi,0
searched,1
behavioral,1
riverside,1
bathrooms,1
plains,1
sku,0
ht,0
raymond,1
insights,1
abilities,1
initiated,1
sullivan,1
za,0
midwest,1
karaoke,1
trap,0
lonely,1
fool,0
ve,0
nonprofit,1
lancaster,1
suspended,1
hereby,1
observe,1
julia,1
containers,1
attitudes,1
karl,0
berry,1
collar,1
simultaneously,1
racial,1
integrate,1
bermuda,1
amanda,1
sociology,1
mobiles,1
screenshot,1
exhibitions,1
kelkoo,1
confident,1
retrieved,1
exhibits,1
officially,1
consortium,1
dies,0
terrace,1
bacteria,1
pts,0
replied,1
seafood,1
novels,1
rh,0
rrp,0
recipients,1
playboy,1
ought,1
delicious,1
traditions,1
fg,0
jail,0
safely,1
finite,1
kidney,1
periodically,1
fixes,1
sends,1
durable,1
mazda,1
allied,1
throws,1
moisture,1
hungarian,1
roster,1
referring,1
symantec,1
spencer,1
wichita,1
nasdaq,1
uruguay,1
ooo,0
hz,0
transform,1
timer,1
tablets,1
tuning,1
gotten,1
educators,1
tyler,1
futures,1
vegetable,1
verse,1
highs,1
humanities,1
independently,1
wanting,1
custody,1
scratch,1
launches,1
ipaq,0
alignment,1
masturbating,1
henderson,1
bk,0
britannica,1
comm,0
ellen,1
competitors,1
nhs,0
rocket,1
aye,0
bullet,1
towers,1
racks,1
lace,0
nasty,1
visibility,1
latitude,1
consciousness,1
ste,0
tumor,1
ugly,0
deposits,1
beverly,1
mistress,1
encounter,1
trustees,1
watts,1
duncan,1
reprints,1
hart,0
bernard,1
resolutions,1
ment,0
accessing,1
forty,1
tubes,1
attempted,1
col,0
midlands,1
priest,1
floyd,1
ronald,1
analysts,1
queue,1
dx,0
sk,0
trance,1
locale,1
nicholas,1
biol,0
yu,0
bundle,1
hammer,1
invasion,1
witnesses,1
runner,1
rows,0
administered,1
notion,1
sq,0
skins,1
mailed,1
oc,0
fujitsu,1
spelling,1
arctic,1
exams,1
rewards,1
beneath,1
strengthen,1
defend,1
aj,0
frederick,1
medicaid,1
treo,0
infrared,1
seventh,1
gods,0
une,0
welsh,1
belly,1
aggressive,1
tex,0
advertisements,1
quarters,1
stolen,1
cia,0
sublimedirectory,1
soonest,1
haiti,1
disturbed,1
determines,1
sculpture,1
poly,0
ears,0
dod,0
wp,0
fist,0
naturals,1
neo,0
motivation,1
lenders,1
pharmacology,1
fitting,1
fixtures,1
bloggers,1
mere,0
agrees,1
passengers,1
quantities,1
petersburg,1
consistently,1
powerpoint,1
cons,0
surplus,1
elder,1
sonic,1
obituaries,1
cheers,1
dig,0
taxi,0
punishment,1
appreciation,1
subsequently,1
om,0
belarus,1
nat,0
zoning,1
gravity,1
providence,1
thumb,1
restriction,1
incorporate,1
backgrounds,1
treasurer,1
guitars,1
essence,1
flooring,1
lightweight,1
ethiopia,1
tp,0
mighty,1
athletes,1
humanity,1
transcription,1
jm,0
holmes,1
complications,1
scholars,1
dpi,0
scripting,1
gis,0
remembered,1
galaxy,1
chester,1
snapshot,1
caring,1
loc,0
worn,0
synthetic,1
shaw,0
vp,0
segments,1
testament,1
expo,0
dominant,1
twist,1
specifics,1
itunes,1
stomach,1
partially,1
buried,1
cn,0
newbie,1
minimize,1
darwin,1
ranks,1
wilderness,1
debut,1
generations,1
tournaments,1
bradley,1
deny,0
anatomy,1
bali,0
judy,0
sponsorship,1
headphones,1
fraction,1
trio,0
proceeding,1
cube,0
defects,1
volkswagen,1
uncertainty,1
breakdown,1
milton,1
marker,1
reconstruction,1
subsidiary,1
strengths,1
clarity,1
rugs,0
sandra,1
adelaide,1
encouraging,1
furnished,1
monaco,1
settled,1
folding,1
emirates,1
terrorists,1
airfare,1
comparisons,1
beneficial,1
distributions,1
vaccine,1
belize,1
crap,0
fate,0
viewpicture,1
promised,1
volvo,1
penny,1
robust,1
bookings,1
threatened,1
minolta,1
republicans,1
discusses,1
gui,0
porter,1
gras,0
jungle,1
ver,0
rn,0
responded,1
rim,0
abstracts,1
zen,0
ivory,1
alpine,1
dis,0
prediction,1
pharmaceuticals,1
andale,1
fabulous,1
remix,1
alias,1
thesaurus,1
individually,1
battlefield,1
literally,1
newer,1
kay,0
ecological,1
spice,1
oval,0
implies,1
cg,0
soma,0
ser,0
cooler,1
appraisal,1
consisting,1
maritime,1
periodic,1
submitting,1
overhead,1
ascii,1
prospect,1
shipment,1
breeding,1
citations,1
geographical,1
donor,1
mozambique,1
tension,1
href,0
benz,0
trash,1
shapes,1
wifi,0
tier,0
fwd,0
earl,0
manor,1
envelope,1
diane,1
homeland,1
disclaimers,1
championships,1
excluded,1
andrea,1
breeds,1
rapids,1
disco,1
sheffield,1
bailey,1
aus,0
endif,1
finishing,1
emotions,1
wellington,1
incoming,1
prospects,1
lexmark,1
cleaners,1
bulgarian,1
hwy,0
eternal,1
cashiers,1
guam,0
cite,0
aboriginal,1
remarkable,1
rotation,1
nam,0
preventing,1
productive,1
boulevard,1
eugene,1
ix,0
gdp,0
pig,0
metric,1
compliant,1
minus,1
penalties,1
bennett,1
imagination,1
hotmail,1
refurbished,1
joshua,1
armenia,1
varied,1
grande,1
closest,1
activated,1
actress,1
mess,0
conferencing,1
assign,1
armstrong,1
politicians,1
trackbacks,1
lit,0
accommodate,1
tigers,1
aurora,1
una,0
slides,1
milan,1
premiere,1
lender,1
villages,1
shade,1
chorus,1
christine,1
rhythm,1
digit,1
argued,1
dietary,1
symphony,1
clarke,1
sudden,1
accepting,1
precipitation,1
marilyn,1
lions,1
findlaw,1
ada,0
pools,1
tb,0
lyric,1
claire,1
isolation,1
speeds,1
sustained,1
matched,1
approximate,1
rope,0
carroll,1
rational,1
programmer,1
fighters,1
chambers,1
dump,0
greetings,1
inherited,1
warming,1
incomplete,1
vocals,1
chronicle,1
fountain,1
chubby,1
grave,1
legitimate,1
biographies,1
burner,1
yrs,0
foo,0
investigator,1
gba,0
plaintiff,1
finnish,1
gentle,1
bm,0
prisoners,1
deeper,1
muslims,1
hose,0
mediterranean,1
nightlife,1
footage,1
howto,1
worthy,1
reveals,1
architects,1
saints,1
entrepreneur,1
carries,1
sig,0
freelance,1
duo,0
excessive,1
devon,1
screensaver,1
helena,1
saves,1
regarded,1
valuation,1
unexpected,1
cigarette,1
fog,0
characteristic,1
marion,1
lobby,1
egyptian,1
tunisia,1
metallica,1
outlined,1
consequently,1
headline,1
treating,1
punch,1
appointments,1
str,0
gotta,1
cowboy,1
narrative,1
bahrain,1
enormous,1
karma,1
consist,1
betty,1
queens,1
academics,1
pubs,0
quantitative,1
shemales,1
lucas,1
screensavers,1
subdivision,1
tribes,1
vip,0
defeat,1
clicks,1
distinction,1
honduras,1
naughty,1
hazards,1
insured,1
harper,1
livestock,1
mardi,1
exemption,1
tenant,1
sustainability,1
cabinets,1
tattoo,1
shake,1
algebra,1
shadows,1
holly,1
formatting,1
silly,1
nutritional,1
yea,0
mercy,1
hartford,1
freely,1
marcus,1
sunrise,1
wrapping,1
mild,0
fur,0
nicaragua,1
weblogs,1
timeline,1
tar,0
belongs,1
rj,0
readily,1
affiliation,1
soc,0
fence,1
nudist,1
infinite,1
diana,1
ensures,1
relatives,1
lindsay,1
clan,0
legally,1
shame,1
satisfactory,1
revolutionary,1
bracelets,1
sync,0
civilian,1
telephony,1
mesa,0
fatal,1
remedy,1
realtors,1
breathing,1
briefly,1
thickness,1
adjustments,1
graphical,1
genius,1
discussing,1
aerospace,1
fighter,1
meaningful,1
flesh,1
retreat,1
adapted,1
barely,1
wherever,1
estates,1
rug,0
democrat,1
borough,1
maintains,1
failing,1
shortcuts,1
ka,0
retained,1
voyeurweb,1
pamela,1
andrews,1
marble,1
extending,1
jesse,1
specifies,1
hull,0
logitech,1
surrey,1
briefing,1
belkin,1
dem,0
accreditation,1
wav,0
blackberry,1
highland,1
meditation,1
modular,1
microphone,1
macedonia,1
combining,1
brandon,1
instrumental,1
giants,1
organizing,1
shed,0
balloon,1
moderators,1
winston,1
memo,0
ham,0
solved,1
tide,0
kazakhstan,1
hawaiian,1
standings,1
partition,1
invisible,1
gratuit,1
consoles,1
funk,0
fbi,0
qatar,1
magnet,1
translations,1
porsche,1
cayman,1
jaguar,1
reel,0
sheer,1
commodity,1
posing,1
wang,0
kilometers,1
rp,0
bind,0
thanksgiving,1
rand,0
hopkins,1
urgent,1
guarantees,1
infants,1
gothic,1
cylinder,1
witch,1
buck,0
indication,1
eh,0
congratulations,1
tba,0
cohen,1
sie,0
usgs,0
puppy,1
kathy,1
acre,0
graphs,1
surround,1
cigarettes,1
revenge,1
expires,1
enemies,1
lows,0
controllers,1
aqua,0
chen,0
emma,0
consultancy,1
finances,1
accepts,1
enjoying,1
conventions,1
eva,0
patrol,1
smell,1
pest,0
hc,0
italiano,1
coordinates,1
rca,0
fp,0
carnival,1
roughly,1
sticker,1
promises,1
responding,1
reef,0
physically,1
divide,1
stakeholders,1
hydrocodone,1
gst,0
consecutive,1
cornell,1
satin,1
bon,0
deserve,1
attempting,1
mailto,1
promo,1
jj,0
representations,1
chan,0
worried,1
tunes,1
garbage,1
competing,1
combines,1
mas,0
beth,0
bradford,1
len,0
phrases,1
kai,0
peninsula,1
chelsea,1
boring,1
reynolds,1
dom,0
jill,0
accurately,1
speeches,1
reaches,1
schema,1
considers,1
sofa,0
catalogs,1
ministries,1
vacancies,1
quizzes,1
parliamentary,1
obj,0
prefix,1
lucia,1
savannah,1
barrel,1
typing,1
nerve,1
dans,0
planets,1
deficit,1
boulder,1
pointing,1
renew,1
coupled,1
viii,0
myanmar,1
metadata,1
harold,1
circuits,1
floppy,1
texture,1
handbags,1
jar,0
ev,0
somerset,1
incurred,1
acknowledge,1
thoroughly,1
antigua,1
nottingham,1
thunder,1
tent,0
caution,1
identifies,1
questionnaire,1
qualification,1
locks,1
modelling,1
namely,1
miniature,1
dept,0
hack,0
dare,0
euros,1
interstate,1
pirates,1
aerial,1
hawk,0
consequence,1
rebel,1
systematic,1
perceived,1
origins,1
hired,1
makeup,1
textile,1
lamb,0
madagascar,1
nathan,1
tobago,1
presenting,1
cos,0
troubleshooting,1
uzbekistan,1
indexes,1
pac,0
rl,0
erp,0
centuries,1
gl,0
magnitude,1
ui,0
richardson,1
hindu,1
dh,0
fragrances,1
vocabulary,1
licking,1
earthquake,1
vpn,0
fundraising,1
fcc,0
markers,1
weights,1
albania,1
geological,1
assessing,1
lasting,1
wicked,1
eds,0
introduces,1
kills,1
roommate,1
webcams,1
pushed,1
webmasters,1
ro,0
df,0
computational,1
acdbentity,1
participated,1
junk,0
handhelds,1
wax,0
lucy,0
answering,1
hans,0
impressed,1
slope,1
reggae,1
failures,1
poet,0
conspiracy,1
surname,1
theology,1
nails,1
evident,1
whats,1
rides,1
rehab,1
epic,0
saturn,1
organizer,1
nut,0
allergy,1
sake,0
twisted,1
combinations,1
preceding,1
merit,1
enzyme,1
cumulative,1
zshops,1
planes,1
edmonton,1
tackle,1
disks,1
condo,1
pokemon,1
amplifier,1
ambien,1
arbitrary,1
prominent,1
retrieve,1
lexington,1
vernon,1
sans,0
worldcat,1
titanium,1
irs,0
fairy,1
builds,1
contacted,1
shaft,1
lean,0
bye,0
cdt,0
recorders,1
occasional,1
leslie,1
casio,1
deutsche,1
ana,0
postings,1
innovations,1
kitty,1
postcards,1
dude,0
drain,1
monte,1
fires,1
algeria,1
blessed,1
luis,0
reviewing,1
cardiff,1
cornwall,1
favors,1
potato,1
panic,1
explicitly,1
sticks,1
leone,1
transsexual,1
ez,0
citizenship,1
excuse,1
reforms,1
basement,1
onion,1
strand,1
pf,0
sandwich,1
uw,0
lawsuit,1
alto,0
informative,1
girlfriend,1
bloomberg,1
cheque,1
hierarchy,1
influenced,1
banners,1
reject,1
eau,0
abandoned,1
bd,0
circles,1
italic,1
beats,1
merry,1
mil,0
scuba,1
gore,0
complement,1
cult,0
dash,0
passive,1
mauritius,1
valued,1
cage,0
checklist,1
bangbus,1
requesting,1
courage,1
verde,1
lauderdale,1
scenarios,1
gazette,1
hitachi,1
divx,0
extraction,1
batman,1
elevation,1
hearings,1
coleman,1
hugh,0
lap,0
utilization,1
beverages,1
calibration,1
jake,0
eval,0
efficiently,1
anaheim,1
ping,0
textbook,1
dried,1
entertaining,1
prerequisite,1
luther,1
frontier,1
settle,1
stopping,1
refugees,1
knights,1
hypothesis,1
palmer,1
medicines,1
flux,0
derby,1
sao,0
peaceful,1
altered,1
pontiac,1
regression,1
doctrine,1
scenic,1
trainers,1
muze,0
enhancements,1
renewable,1
intersection,1
passwords,1
sewing,1
consistency,1
collectors,1
conclude,1
recognised,1
munich,1
oman,0
celebs,1
gmc,0
propose,1
hh,0
azerbaijan,1
lighter,1
rage,0
adsl,0
uh,0
prix,0
astrology,1
advisors,1
pavilion,1
tactics,1
trusts,1
occurring,1
supplemental,1
travelling,1
talented,1
annie,1
pillow,1
induction,1
derek,1
precisely,1
shorter,1
harley,1
spreading,1
provinces,1
relying,1
finals,1
paraguay,1
steal,1
parcel,1
refined,1
fd,0
bo,0
fifteen,1
widespread,1
incidence,1
fears,1
predict,1
boutique,1
acrylic,1
rolled,1
tuner,1
avon,0
incidents,1
peterson,1
rays,0
asn,0
shannon,1
toddler,1
enhancing,1
flavor,1
alike,1
walt,0
homeless,1
horrible,1
hungry,1
metallic,1
acne,0
blocked,1
interference,1
warriors,1
palestine,1
listprice,1
libs,0
undo,0
cadillac,1
atmospheric,1
malawi,1
wm,0
pk,0
sagem,1
knowledgestorm,1
dana,0
halo,0
ppm,0
curtis,1
parental,1
referenced,1
strikes,1
lesser,1
publicity,1
marathon,1
ant,0
proposition,1
gays,0
pressing,1
gasoline,1
apt,0
dressed,1
scout,1
belfast,1
exec,0
dealt,1
niagara,1
inf,0
eos,0
warcraft,1
charms,1
catalyst,1
trader,1
bucks,1
allowance,1
vcr,0
denial,1
uri,0
designation,1
thrown,1
prepaid,1
raises,1
gem,0
duplicate,1
electro,1
criterion,1
badge,1
wrist,1
civilization,1
analyzed,1
vietnamese,1
heath,1
tremendous,1
ballot,1
lexus,1
varying,1
remedies,1
validity,1
trustee,1
maui,0
handjobs,1
weighted,1
angola,1
squirt,1
performs,1
plastics,1
realm,1
corrected,1
jenny,1
helmet,1
salaries,1
postcard,1
elephant,1
yemen,1
encountered,1
tsunami,1
scholar,1
nickel,1
internationally,1
surrounded,1
psi,0
buses,1
expedia,1
geology,1
pct,0
wb,0
creatures,1
coating,1
commented,1
wallet,1
cleared,1
smilies,1
vids,0
accomplish,1
boating,1
drainage,1
shakira,1
corners,1
broader,1
vegetarian,1
rouge,1
yeast,1
yale,0
newfoundland,1
sn,0
qld,0
pas,0
clearing,1
investigated,1
dk,0
ambassador,1
coated,1
intend,1
stephanie,1
contacting,1
vegetation,1
doom,0
findarticles,1
louise,1
kenny,1
specially,1
owen,0
routines,1
hitting,1
yukon,1
beings,1
bite,0
issn,0
aquatic,1
reliance,1
habits,1
striking,1
myth,0
infectious,1
podcasts,1
singh,1
gig,0
gilbert,1
sas,0
ferrari,1
continuity,1
brook,1
fu,0
outputs,1
phenomenon,1
ensemble,1
insulin,1
assured,1
biblical,1
weed,0
conscious,1
accent,1
mysimon,1
eleven,1
wives,1
ambient,1
utilize,1
mileage,1
oecd,0
prostate,1
adaptor,1
auburn,1
unlock,1
hyundai,1
pledge,1
vampire,1
angela,1
relates,1
nitrogen,1
xerox,1
dice,0
merger,1
softball,1
referrals,1
quad,0
dock,0
differently,1
firewire,1
mods,0
nextel,1
framing,1
organised,1
musician,1
blocking,1
rwanda,1
sorts,1
integrating,1
vsnet,1
limiting,1
dispatch,1
revisions,1
papua,1
restored,1
hint,0
armor,1
riders,1
chargers,1
remark,1
dozens,1
varies,1
msie,0
reasoning,1
wn,0
liz,0
rendered,1
picking,1
charitable,1
guards,1
annotated,1
ccd,0
sv,0
convinced,1
openings,1
buys,0
burlington,1
replacing,1
researcher,1
watershed,1
councils,1
occupations,1
acknowledged,1
nudity,1
kruger,1
pockets,1
granny,1
pork,0
zu,0
equilibrium,1
viral,1
inquire,1
pipes,1
characterized,1
laden,1
aruba,1
cottages,1
realtor,1
merge,1
privilege,1
edgar,1
develops,1
qualifying,1
chassis,1
dubai,1
estimation,1
barn,0
pushing,1
llp,0
fleece,1
pediatric,1
boc,0
fare,0
dg,0
asus,0
pierce,1
allan,1
dressing,1
techrepublic,1
sperm,1
vg,0
bald,0
filme,1
craps,1
fuji,0
frost,1
leon,0
institutes,1
mold,0
dame,0
fo,0
sally,1
yacht,1
tracy,1
prefers,1
drilling,1
brochures,1
herb,0
tmp,0
alot,0
ate,0
breach,1
whale,1
traveller,1
appropriations,1
suspected,1
tomatoes,1
benchmark,1
beginners,1
instructors,1
highlighted,1
bedford,1
stationery,1
idle,0
mustang,1
unauthorized,1
clusters,1
antibody,1
competent,1
momentum,1
fin,0
wiring,1
io,0
pastor,1
mud,0
calvin,1
uni,0
shark,1
contributor,1
demonstrates,1
phases,1
grateful,1
emerald,1
gradually,1
laughing,1
grows,1
cliff,1
desirable,1
tract,1
ul,0
ballet,1
ol,0
journalist,1
abraham,1
js,0
bumper,1
afterwards,1
webpage,1
religions,1
garlic,1
hostels,1
shine,1
senegal,1
explosion,1
pn,0
banned,1
wendy,1
briefs,1
signatures,1
diffs,1
cove,0
mumbai,1
ozone,1
disciplines,1
casa,0
mu,0
daughters,1
conversations,1
radios,1
tariff,1
nvidia,1
opponent,1
pasta,1
simplified,1
muscles,1
serum,1
wrapped,1
swift,1
motherboard,1
runtime,1
inbox,1
focal,1
bibliographic,1
vagina,1
eden,0
distant,1
incl,0
champagne,1
ala,0
decimal,1
hq,0
deviation,1
superintendent,1
propecia,1
dip,0
nbc,0
samba,1
hostel,1
housewives,1
employ,1
mongolia,1
penguin,1
magical,1
influences,1
inspections,1
irrigation,1
miracle,1
manually,1
reprint,1
reid,0
wt,0
hydraulic,1
centered,1
robertson,1
flex,0
yearly,1
penetration,1
wound,1
belle,1
rosa,0
conviction,1
hash,0
omissions,1
writings,1
hamburg,1
lazy,0
mv,0
mpg,0
retrieval,1
qualities,1
cindy,1
lolita,1
fathers,1
carb,0
charging,1
cas,0
marvel,1
lined,1
cio,0
dow,0
prototype,1
importantly,1
rb,0
petite,1
apparatus,1
upc,0
terrain,1
dui,0
pens,0
explaining,1
yen,0
strips,1
gossip,1
rangers,1
nomination,1
empirical,1
mh,0
rotary,1
worm,0
dependence,1
discrete,1
beginner,1
boxed,1
lid,0
sexuality,1
polyester,1
cubic,1
deaf,0
commitments,1
suggesting,1
sapphire,1
kinase,1
skirts,1
mats,0
remainder,1
crawford,1
labeled,1
privileges,1
televisions,1
specializing,1
marking,1
commodities,1
pvc,0
serbia,1
sheriff,1
griffin,1
declined,1
guyana,1
spies,1
blah,0
mime,0
neighbor,1
motorcycles,1
elect,1
highways,1
thinkpad,1
concentrate,1
intimate,1
reproductive,1
preston,1
deadly,1
cunt,0
feof,0
bunny,1
chevy,1
molecules,1
rounds,1
longest,1
refrigerator,1
tions,1
intervals,1
sentences,1
dentists,1
usda,0
exclusion,1
workstation,1
holocaust,1
keen,0
flyer,1
peas,0
dosage,1
receivers,1
urls,0
customise,1
disposition,1
variance,1
navigator,1
investigators,1
cameroon,1
baking,1
marijuana,1
adaptive,1
computed,1
needle,1
baths,1
enb,0
gg,0
cathedral,1
brakes,1
og,0
nirvana,1
ko,0
fairfield,1
owns,0
til,0
invision,1
sticky,1
destiny,1
generous,1
madness,1
emacs,1
climb,1
blowing,1
fascinating,1
landscapes,1
heated,1
lafayette,1
jackie,1
wto,0
computation,1
hay,0
cardiovascular,1
ww,0
sparc,1
cardiac,1
salvation,1
dover,1
adrian,1
predictions,1
accompanying,1
vatican,1
brutal,1
learners,1
gd,0
selective,1
arbitration,1
configuring,1
token,1
editorials,1
zinc,0
sacrifice,1
seekers,1
guru,0
isa,0
removable,1
convergence,1
yields,1
gibraltar,1
levy,0
suited,1
numeric,1
anthropology,1
skating,1
kinda,1
aberdeen,1
emperor,1
grad,0
malpractice,1
dylan,1
bras,0
belts,1
blacks,1
educated,1
rebates,1
reporters,1
burke,1
proudly,1
pix,0
necessity,1
rendering,1
mic,0
inserted,1
pulling,1
basename,1
kyle,0
obesity,1
curves,1
suburban,1
touring,1
clara,1
vertex,1
bw,0
hepatitis,1
nationally,1
tomato,1
andorra,1
waterproof,1
expired,1
mj,0
travels,1
flush,1
waiver,1
pale,0
specialties,1
hayes,1
humanitarian,1
invitations,1
functioning,1
delight,1
survivor,1
garcia,1
cingular,1
economies,1
alexandria,1
bacterial,1
moses,1
counted,1
undertake,1
declare,1
continuously,1
johns,1
valves,1
gaps,0
impaired,1
achievements,1
donors,1
tear,0
jewel,1
teddy,1
lf,0
convertible,1
ata,0
teaches,1
ventures,1
nil,0
bufing,1
stranger,1
tragedy,1
julian,1
nest,0
pam,0
dryer,1
painful,1
velvet,1
tribunal,1
ruled,1
nato,0
pensions,1
prayers,1
funky,1
secretariat,1
nowhere,1
cop,0
paragraphs,1
gale,0
joins,1
adolescent,1
nominations,1
wesley,1
dim,0
lately,1
cancelled,1
scary,1
mattress,1
mpegs,1
brunei,1
likewise,1
banana,1
introductory,1
slovak,1
cakes,1
stan,0
reservoir,1
occurrence,1
idol,0
bloody,1
mixer,1
remind,1
wc,0
worcester,1
sbjct,1
demographic,1
charming,1
mai,0
tooth,1
disciplinary,1
annoying,1
respected,1
stays,1
disclose,1
affair,1
drove,1
washer,1
upset,1
restrict,1
springer,1
beside,1
mines,1
portraits,1
rebound,1
logan,1
mentor,1
interpreted,1
evaluations,1
fought,1
baghdad,1
elimination,1
metres,1
hypothetical,1
immigrants,1
complimentary,1
helicopter,1
pencil,1
freeze,1
hk,0
performer,1
abu,0
titled,1
commissions,1
sphere,1
powerseller,1
moss,0
ratios,1
concord,1
graduated,1
endorsed,1
ty,0
surprising,1
walnut,1
lance,1
ladder,1
italia,1
unnecessary,1
dramatically,1
liberia,1
sherman,1
cork,0
maximize,1
cj,0
hansen,1
senators,1
workout,1
mali,0
yugoslavia,1
bleeding,1
characterization,1
colon,1
likelihood,1
lanes,1
purse,1
fundamentals,1
contamination,1
mtv,0
endangered,1
compromise,1
masturbation,1
optimize,1
stating,1
dome,0
caroline,1
leu,0
expiration,1
namespace,1
align,1
peripheral,1
bless,1
engaging,1
negotiation,1
crest,1
opponents,1
triumph,1
nominated,1
confidentiality,1
electoral,1
changelog,1
welding,1
orgasm,1
deferred,1
alternatively,1
heel,0
alloy,1
condos,1
plots,1
polished,1
yang,0
gently,1
greensboro,1
tulsa,1
locking,1
casey,1
controversial,1
draws,1
fridge,1
blanket,1
bloom,1
qc,0
simpsons,1
lou,0
elliott,1
recovered,1
fraser,1
justify,1
upgrading,1
blades,1
pgp,0
loops,1
surge,1
frontpage,1
trauma,1
aw,0
tahoe,1
advert,1
possess,1
demanding,1
defensive,1
sip,0
flashers,1
subaru,1
forbidden,1
tf,0
vanilla,1
programmers,1
pj,0
monitored,1
installations,1
deutschland,1
picnic,1
souls,1
arrivals,1
spank,1
cw,0
practitioner,1
motivated,1
wr,0
dumb,0
smithsonian,1
hollow,1
vault,1
securely,1
examining,1
fioricet,1
groove,1
revelation,1
rg,0
pursuit,1
delegation,1
wires,1
bl,0
dictionaries,1
mails,1
backing,1
greenhouse,1
sleeps,1
vc,0
blake,1
transparency,1
dee,0
travis,1
wx,0
endless,1
figured,1
orbit,1
currencies,1
niger,1
bacon,1
survivors,1
positioning,1
heater,1
colony,1
cannon,1
circus,1
promoted,1
forbes,1
mae,0
moldova,1
mel,0
descending,1
paxil,1
spine,1
trout,1
enclosed,1
feat,0
temporarily,1
ntsc,0
cooked,1
thriller,1
transmit,1
apnic,1
fatty,1
gerald,1
pressed,1
frequencies,1
scanned,1
reflections,1
hunger,1
mariah,1
sic,0
municipality,1
usps,0
joyce,1
detective,1
surgeon,1
cement,1
experiencing,1
fireplace,1
endorsement,1
bg,0
planners,1
disputes,1
textiles,1
missile,1
intranet,1
closes,1
seq,0
psychiatry,1
persistent,1
deborah,1
conf,0
marco,1
assists,1
summaries,1
glow,0
gabriel,1
auditor,1
wma,0
aquarium,1
violin,1
prophet,1
cir,0
bracket,1
looksmart,1
isaac,1
oxide,1
oaks,0
magnificent,1
erik,0
colleague,1
naples,1
promptly,1
modems,1
adaptation,1
hu,0
harmful,1
paintball,1
prozac,1
sexually,1
enclosure,1
acm,0
dividend,1
newark,1
kw,0
paso,0
glucose,1
phantom,1
norm,0
playback,1
supervisors,1
westminster,1
turtle,1
ips,0
distances,1
absorption,1
treasures,1
dsc,0
warned,1
neural,1
ware,0
fossil,1
mia,0
hometown,1
badly,1
transcripts,1
apollo,1
wan,0
disappointed,1
persian,1
continually,1
communist,1
collectible,1
handmade,1
greene,1
entrepreneurs,1
robots,1
grenada,1
creations,1
jade,0
scoop,1
acquisitions,1
foul,0
keno,0
gtk,0
earning,1
mailman,1
sanyo,1
nested,1
biodiversity,1
excitement,1
somalia,1
movers,1
verbal,1
blink,1
presently,1
seas,0
carlo,1
workflow,1
mysterious,1
novelty,1
bryant,1
tiles,1
voyuer,1
librarian,1
subsidiaries,1
switched,1
stockholm,1
tamil,1
garmin,1
ru,0
pose,0
fuzzy,1
indonesian,1
grams,1
therapist,1
richards,1
mrna,0
budgets,1
toolkit,1
promising,1
relaxation,1
goat,0
render,1
carmen,1
ira,0
sen,0
thereafter,1
hardwood,1
erotica,1
temporal,1
sail,0
forge,1
commissioners,1
dense,1
dts,0
brave,1
forwarding,1
qt,0
awful,1
nightmare,1
airplane,1
reductions,1
southampton,1
istanbul,1
impose,1
organisms,1
sega,0
telescope,1
viewers,1
asbestos,1
portsmouth,1
cdna,0
meyer,1
enters,1
pod,0
savage,1
advancement,1
wu,0
harassment,1
willow,1
resumes,1
bolt,0
gage,0
throwing,1
existed,1
whore,1
generators,1
lu,0
wagon,1
barbie,1
dat,0
favour,1
soa,0
knock,1
urge,0
smtp,0
generates,1
potatoes,1
thorough,1
replication,1
inexpensive,1
kurt,0
receptors,1
peers,1
roland,1
optimum,1
neon,0
interventions,1
quilt,1
huntington,1
creature,1
ours,0
mounts,1
syracuse,1
internship,1
lone,0
refresh,1
aluminium,1
snowboard,1
beastality,1
webcast,1
michel,1
evanescence,1
subtle,1
coordinated,1
notre,1
shipments,1
maldives,1
stripes,1
firmware,1
antarctica,1
cope,0
shepherd,1
lm,0
canberra,1
cradle,1
chancellor,1
mambo,1
lime,0
kirk,0
flour,1
controversy,1
legendary,1
bool,0
sympathy,1
choir,1
avoiding,1
beautifully,1
blond,1
expects,1
cho,0
jumping,1
fabrics,1
antibodies,1
polymer,1
hygiene,1
wit,0
poultry,1
virtue,1
burst,1
examinations,1
surgeons,1
bouquet,1
immunology,1
promotes,1
mandate,1
wiley,1
departmental,1
bbs,0
spas,0
ind,0
corpus,1
johnston,1
terminology,1
gentleman,1
fibre,1
reproduce,1
convicted,1
shades,1
jets,0
indices,1
roommates,1
adware,1
qui,0
intl,0
threatening,1
spokesman,1
zoloft,1
activists,1
frankfurt,1
prisoner,1
daisy,1
halifax,1
encourages,1
ultram,1
cursor,1
assembled,1
earliest,1
donated,1
stuffed,1
restructuring,1
insects,1
terminals,1
crude,1
morrison,1
maiden,1
simulations,1
cz,0
sufficiently,1
examines,1
viking,1
myrtle,1
bored,1
cleanup,1
yarn,0
knit,0
conditional,1
mug,0
crossword,1
bother,1
budapest,1
conceptual,1
knitting,1
attacked,1
hl,0
bhutan,1
liechtenstein,1
mating,1
compute,1
redhead,1
arrives,1
translator,1
automobiles,1
tractor,1
allah,1
continent,1
ob,0
unwrap,1
fares,1
longitude,1
resist,1
challenged,1
telecharger,1
hoped,1
pike,0
safer,1
insertion,1
instrumentation,1
ids,0
hugo,0
wagner,1
constraint,1
groundwater,1
touched,1
strengthening,1
cologne,1
gzip,0
wishing,1
ranger,1
smallest,1
insulation,1
newman,1
marsh,1
ricky,1
ctrl,0
scared,1
theta,1
infringement,1
bent,0
laos,0
subjective,1
monsters,1
asylum,1
lightbox,1
robbie,1
stake,1
cocktail,1
outlets,1
swaziland,1
varieties,1
arbor,1
mediawiki,1
configurations,1
poison,1
